ticker,name,sector_wi26,target_price,upside_pct,n_tp_firms,rating,n_rating_firms,tp_chg_1w_pct,as_of
298040,효성중공업,기계,4235385,49.56,13,4,13,-9.67,2026-08-07
000660,SK하이닉스,반도체,3322083,133.62,24,4,24,0,2026-08-07
009150,삼성전기,IT하드웨어,2350500,83.92,20,4,20,0,2026-08-07
000150,두산,"상사,자본재",2115833,77.65,12,4,12,0.4,2026-08-07
207940,삼성바이오로직스,건강관리,2011429,29.27,21,4,21,0,2026-08-07
402340,SK스퀘어,반도체,1900000,102.34,7,4,7,0,2026-08-07
003230,삼양식품,필수소비재,1856429,42.15,14,4,14,0,2026-08-07
012450,한화에어로스페이스,"상사,자본재",1628235,48.43,17,4,17,-5.16,2026-08-07
010130,고려아연,"비철,목재등",1564600,41.47,5,4,5,-7.39,2026-08-07
267260,HD현대일렉트릭,기계,1193929,56.68,14,4,14,-0.6,2026-08-07
011070,LG이노텍,IT하드웨어,1155500,109.33,20,4,20,0,2026-08-07
079550,LIG디펜스앤에어로스페이스,"상사,자본재",1135000,53.17,19,4,19,0.29,2026-08-07
277810,레인보우로보틱스,기계,915000,96.77,1,4,1,0,2026-08-07
329180,HD현대중공업,조선,865619,71.07,21,4,21,0,2026-08-07
034730,SK,에너지,853692,68.05,13,4,13,0,2026-08-07
004170,신세계,소매(유통),853333,103.18,18,4,18,0,2026-08-07
012330,현대모비스,자동차,737200,48.48,25,4,25,0,2026-08-07
000810,삼성화재,보험,736667,14.21,15,3.87,15,0,2026-08-07
005380,현대차,자동차,722000,82.55,25,4,25,-0.28,2026-08-07
006400,삼성SDI,IT가전,694842,51.38,19,3.95,19,-0.42,2026-08-07
002380,KCC,"건설,건축관련",692200,56.61,5,4,5,-4.15,2026-08-07
128940,한미약품,건강관리,612222,55.98,18,4,18,0,2026-08-07
0126Z0,삼성에피스홀딩스,건강관리,593333,44.19,3,4,3,0,2026-08-07
006260,LS,기계,585667,84.75,12,4,12,0,2026-08-07
307950,현대오토에버,소프트웨어,576000,39.81,15,3.73,15,1.16,2026-08-07
009540,HD한국조선해양,조선,555667,39.44,15,4,15,0,2026-08-07
298020,효성티앤씨,"상사,자본재",543333,60.28,6,4,6,0.15,2026-08-07
004370,농심,필수소비재,541667,33.75,12,3.92,13,0,2026-08-07
278470,에이피알,"화장품,의류,완구",536667,39.58,21,4,21,1.16,2026-08-07
039030,이오테크닉스,반도체,532500,64.1,2,4,2,0,2026-08-07
357780,솔브레인,반도체,521556,76.8,9,4,9,0,2026-08-07
005490,POSCO홀딩스,철강,511412,54.51,17,4,17,-1.59,2026-08-07
373220,LG에너지솔루션,IT가전,509526,41.54,19,3.95,19,-2.11,2026-08-07
028260,삼성물산,"상사,자본재",496667,47.6,15,4,15,0,2026-08-07
214450,파마리서치,건강관리,494000,30.52,15,4,15,0,2026-08-07
005930,삼성전자,반도체,493542,113.65,24,4.04,24,0,2026-08-07
039490,키움증권,증권,450588,62.37,17,4,17,-3.1,2026-08-07
196170,알테오젠,건강관리,447745,46.8,4,4,4,8.26,2026-08-07
010060,OCI홀딩스,화학,430000,57.8,7,4,7,0,2026-08-07
032830,삼성생명,보험,416808,51.29,13,3.77,13,0,2026-08-07
014680,한솔케미칼,화학,408571,83.63,7,4,7,0,2026-08-07
145020,휴젤,건강관리,391429,43.12,14,4,14,3.4,2026-08-07
108490,로보티즈,기계,390600,70.2,5,4,5,-1.86,2026-08-07
051910,LG화학,화학,383769,39.05,13,3.85,13,-10.62,2026-08-07
042700,한미반도체,반도체,380000,97.61,1,4,1,0,2026-08-07
259960,크래프톤,소프트웨어,368333,52.52,18,4,18,-0.75,2026-08-07
036570,NC,소프트웨어,367500,47.89,18,4,18,0,2026-08-07
018670,SK가스,유틸리티,367000,60.97,5,4,5,0,2026-08-07
140860,파크시스템스,IT하드웨어,361125,44.16,8,4,8,0,2026-08-07
064760,티씨케이,반도체,345000,106.22,6,4,6,-10.39,2026-08-07
035420,NAVER,소프트웨어,331650,57.93,20,4,20,0.6,2026-08-07
062040,산일전기,기계,330286,109.97,7,4,7,-0.74,2026-08-07
352820,하이브,"미디어,교육",328500,77.57,20,4,20,-1.09,2026-08-07
267250,HD현대,조선,328333,45.93,6,4,6,-8.59,2026-08-07
086280,현대글로비스,운송,322750,55.54,16,4,16,0,2026-08-07
071050,한국금융지주,증권,322750,71.68,16,4,16,-6.85,2026-08-07
131290,티에스이,반도체,320000,54.59,4,4,4,-4.95,2026-08-07
443060,HD현대마린솔루션,조선,314727,60.25,11,4,11,0,2026-08-07
051900,LG생활건강,"화장품,의류,완구",311692,-6.54,13,3.62,13,2.15,2026-08-07
483650,달바글로벌,"화장품,의류,완구",303000,23.17,15,4,15,0.4,2026-08-07
010120,LS ELECTRIC,기계,300000,49.25,15,4,15,0,2026-08-07
097950,CJ제일제당,필수소비재,290769,42.19,13,4,13,0,2026-08-07
950160,코오롱티슈진,건강관리,280000,1485.5,1,3,1,0,2026-08-07
064350,현대로템,"상사,자본재",279059,89.97,17,4,17,-1.74,2026-08-07
068270,셀트리온,건강관리,275340,38.15,18,4,18,0,2026-08-07
322000,HD현대에너지솔루션,에너지,267500,109.31,2,4,2,0,2026-08-07
018260,삼성에스디에스,소프트웨어,258692,16.79,13,4,13,0,2026-08-07
298050,HS효성첨단소재,화학,250000,36.46,5,4,5,1.01,2026-08-07
192820,코스맥스,"화장품,의류,완구",247778,20.57,18,4,18,0.16,2026-08-07
033780,KT&G,필수소비재,240000,27.12,14,4,14,3.07,2026-08-07
183300,코미코,반도체,240000,341.18,1,4,1,40.41,2026-08-07
001040,CJ,"상사,자본재",239727,64.54,11,4,11,-0.82,2026-08-07
095340,ISC,반도체,232167,77.23,6,4,6,-4.3,2026-08-07
066570,LG전자,IT가전,230000,24.32,17,4,17,0,2026-08-07
105560,KB금융,은행,224889,27.92,18,4,18,0,2026-08-07
141080,리가켐바이오,건강관리,224000,97.88,5,4,5,0,2026-08-07
005830,DB손해보험,보험,218214,31.53,14,3.93,14,0,2026-08-07
000270,기아,자동차,217800,61.45,25,4,25,0,2026-08-07
004800,효성,"상사,자본재",215000,35.99,3,4,3,0,2026-08-07
058650,세아홀딩스,철강,214000,71.61,1,4,1,0,2026-08-07
023530,롯데쇼핑,소매(유통),213333,113.98,15,4,15,-5.19,2026-08-07
003670,포스코퓨처엠,화학,212353,36.3,17,3.76,17,-6.02,2026-08-07
298380,에이비엘바이오,건강관리,210000,142.49,2,4,2,0,2026-08-07
003030,세아제강지주,철강,205000,79.04,1,4,1,0,2026-08-07
267270,HD건설기계,기계,204667,48.2,6,4,6,0,2026-08-07
306200,세아제강,철강,204250,54.74,4,4,4,0,2026-08-07
069620,대웅제약,건강관리,202308,56.83,13,4,13,0,2026-08-07
052690,한전기술,유틸리티,200500,96.76,12,4,12,0,2026-08-07
353200,대덕전자,IT하드웨어,198333,91.07,12,4.08,12,-7.03,2026-08-07
000990,DB하이텍,반도체,196000,133.06,3,4,3,0,2026-08-07
095610,테스,반도체,195889,57.21,9,4,9,-0.18,2026-08-07
069960,현대백화점,소매(유통),195353,91.9,17,4,17,-12.59,2026-08-07
031980,피에스케이홀딩스,반도체,191600,103.83,5,4,5,0,2026-08-07
078600,대주전자재료,IT하드웨어,191500,117.12,2,4,2,0,2026-08-07
047810,한국항공우주,"상사,자본재",190526,23.56,19,3.95,19,0,2026-08-07
036930,주성엔지니어링,반도체,190000,48.67,1,3,1,0,2026-08-07
131970,두산테스나,반도체,187500,194.35,6,3.83,6,0,2026-08-07
006280,녹십자,건강관리,186923,43.9,13,4,13,-4.52,2026-08-07
066970,엘앤에프,IT가전,185571,105.73,14,3.93,14,-23.12,2026-08-07
247540,에코프로비엠,IT가전,185125,73.01,16,3.81,16,-21.56,2026-08-07
237690,에스티팜,건강관리,184786,84.6,14,4,14,0,2026-08-07
282330,BGF리테일,소매(유통),184250,20.35,16,4,16,6.05,2026-08-07
319660,피에스케이,반도체,182857,54.44,7,4,7,0,2026-08-07
420770,기가비스,반도체,182500,65.46,4,4,4,0,2026-08-07
096770,SK이노베이션,에너지,179714,49.39,14,3.93,15,-1.67,2026-08-07
271560,오리온,필수소비재,178615,29.81,13,4,13,0,2026-08-07
007660,이수페타시스,반도체,177917,116.18,12,4,12,0,2026-08-07
090430,아모레퍼시픽,"화장품,의류,완구",177235,24.99,17,3.94,17,0.67,2026-08-07
126340,비나텍,기계,177000,165.37,1,4,1,0,2026-08-07
011780,금호석유화학,화학,175750,35.61,12,3.92,12,-0.19,2026-08-07
000720,현대건설,"건설,건축관련",174450,58.74,20,3.95,20,-11.5,2026-08-07
006650,대한유화,화학,172000,83.57,5,4,5,-5.75,2026-08-07
222800,심텍,IT하드웨어,171111,55.56,9,4,9,-0.08,2026-08-07
086790,하나금융지주,은행,164737,22.3,19,4,19,0,2026-08-07
010950,S-Oil,에너지,164412,19.49,17,3.94,17,3.4,2026-08-07
280360,롯데웰푸드,필수소비재,163182,39.59,11,4,11,0,2026-08-07
099320,쎄트렉아이,"상사,자본재",160000,113.9,1,4,1,0,2026-08-07
004690,삼천리,유틸리티,160000,33.22,1,4,1,0,2026-08-07
000880,한화,"상사,자본재",159200,89.98,10,4,10,-1.17,2026-08-07
388210,씨엠티엑스,반도체,158333,114.84,3,4,3,-21.1,2026-08-07
084370,유진테크,반도체,156667,40.89,3,4,3,0,2026-08-07
007810,코리아써키트,IT하드웨어,156667,181.27,3,4,3,0,2026-08-07
240810,원익IPS,반도체,154714,75.21,7,3.86,7,-12.51,2026-08-07
016360,삼성증권,증권,153556,68.74,18,3.89,18,-7.28,2026-08-07
456040,OCI,화학,149333,92.94,3,4,3,0,2026-08-07
005300,롯데칠성,필수소비재,148333,44.57,12,3.92,12,-4.86,2026-08-07
138040,메리츠금융지주,증권,148250,17.38,4,3.75,4,0,2026-08-07
017940,E1,유틸리티,145000,66.67,1,4,1,0,2026-08-07
454910,두산로보틱스,기계,145000,105.09,1,4,1,0,2026-08-07
000640,동아쏘시오홀딩스,건강관리,145000,62.92,3,4,3,-1.7,2026-08-07
189300,인텔리안테크,IT하드웨어,142000,101.13,5,4,5,-4.27,2026-08-07
326030,SK바이오팜,건강관리,141765,66,17,4,17,-1.67,2026-08-07
042660,한화오션,조선,141050,57.77,20,4,20,0,2026-08-07
003550,LG,"상사,자본재",140692,30.15,13,4,13,0,2026-08-07
055550,신한지주,은행,137000,24.55,18,4,18,0,2026-08-07
058470,리노공업,반도체,136000,107,5,4,5,0,2026-08-07
161890,한국콜마,"화장품,의류,완구",134526,26.08,19,4,19,1.51,2026-08-07
021240,코웨이,"화장품,의류,완구",132500,38.45,2,4,2,0,2026-08-07
171090,선익시스템,디스플레이,131000,93.79,3,4,3,0,2026-08-07
058610,에스피지,IT가전,130000,27.83,2,4,2,0,2026-08-07
376270,HEM파마,건강관리,130000,208.79,1,4,1,0,2026-08-07
071320,지역난방공사,유틸리티,130000,101.55,2,4,2,0,2026-08-07
440110,파두,반도체,130000,127.67,1,4,1,0,2026-08-07
034020,두산에너빌리티,기계,129375,67.8,16,4,16,0,2026-08-07
281820,케이씨텍,반도체,127000,114.17,1,4,1,0,2026-08-07
000120,CJ대한통운,운송,122300,54.81,10,4,10,0,2026-08-07
111770,영원무역,"화장품,의류,완구",122000,30.62,10,4,10,0,2026-08-07
000100,유한양행,건강관리,121071,50.21,14,4,14,-0.88,2026-08-07
491000,리브스메드,건강관리,120000,159.74,1,4,1,0,2026-08-07
086900,메디톡스,건강관리,120000,50.38,1,3.5,2,0,2026-08-07
354320,알멕,자동차,120000,322.54,1,4,1,0,2026-08-07
017670,SK텔레콤,통신서비스,119368,35.34,19,3.89,19,1.66,2026-08-07
011170,롯데케미칼,화학,119250,95.49,12,3.75,12,-1.95,2026-08-07
089970,브이엠,반도체,118750,96.28,4,4,4,-3.72,2026-08-07
139480,이마트,소매(유통),118500,45.22,10,4,10,0,2026-08-07
241710,코스메카코리아,"화장품,의류,완구",117500,22.52,10,4,10,0,2026-08-07
103590,일진전기,기계,112667,93.25,3,4,3,0,2026-08-07
041510,에스엠,"미디어,교육",111867,47.97,15,4,15,-5.33,2026-08-07
071970,HD현대마린엔진,조선,111200,101.45,5,4,5,0,2026-08-07
025540,한국단자,자동차,110000,75.44,1,4,1,0,2026-08-07
121600,나노신소재,화학,110000,130.85,1,4,1,0,2026-08-07
083650,비에이치아이,에너지,110000,120.44,3,4,3,0,2026-08-07
272210,한화시스템,"상사,자본재",109429,54.78,14,3.87,15,-1.35,2026-08-07
011790,SKC,화학,109333,34.65,3,3.33,3,-2.38,2026-08-07
120110,코오롱인더,화학,108750,85.58,4,4,4,0,2026-08-07
103140,풍산,"비철,목재등",108000,29.19,12,4,12,-3.16,2026-08-07
439260,대한조선,조선,107375,118.46,4,4,4,-9.54,2026-08-07
078930,GS,에너지,103000,4.15,5,4,5,0,2026-08-07
295310,에이치브이엠,"비철,목재등",102000,103.19,1,4,1,0,2026-08-07
185750,종근당,건강관리,101111,43.42,9,4,9,1.11,2026-08-07
397030,에이프릴바이오,건강관리,101000,265.94,2,4,2,0,2026-08-07
218410,RFHIC,IT하드웨어,101000,108.46,3,4,3,-19.36,2026-08-07
002020,코오롱,"상사,자본재",100000,288.35,1,4,1,0,2026-08-07
009450,경동나비엔,"화장품,의류,완구",99500,36.3,2,4,2,0,2026-08-07
383220,F&F,"화장품,의류,완구",99125,47.95,8,4,8,0.33,2026-08-07
348210,넥스틴,반도체,98333,216.69,3,4,3,0,2026-08-07
064400,LG씨엔에스,소프트웨어,98300,35.4,10,4,10,0,2026-08-07
389650,넥스트바이오메디컬,건강관리,97000,142.2,2,4,2,0,2026-08-07
107640,한중엔시에스,기계,97000,184.04,1,4,1,0,2026-08-07
489790,한화비전,IT하드웨어,96000,96.32,3,4,3,-6.49,2026-08-07
017800,현대엘리베이터,기계,95000,31.03,1,4,1,0,2026-08-07
375500,DL이앤씨,"건설,건축관련",93421,29.75,19,4,19,0,2026-08-07
012750,에스원,"상사,자본재",93000,21.41,3,4,3,-1.06,2026-08-07
241560,두산밥캣,기계,92214,44.99,7,4,7,0,2026-08-07
005850,에스엘,자동차,92000,66.67,7,4,7,0,2026-08-07
082740,한화엔진,조선,90571,113.11,7,4,7,-6.47,2026-08-07
047050,포스코인터내셔널,"상사,자본재",89692,54.64,13,4,13,0,2026-08-07
014830,유니드,화학,89000,44.01,7,4,7,0.19,2026-08-07
161390,한국타이어앤테크놀로지,자동차,87750,24.47,16,4,16,0,2026-08-07
041830,인바디,건강관리,87500,23.59,2,4,3,17.45,2026-08-07
011210,현대위아,자동차,87267,39.63,15,3.88,16,0,2026-08-07
166090,하나머티리얼즈,반도체,87000,62.31,3,4,3,-7.94,2026-08-07
043260,성호전자,IT가전,85000,393.9,2,4.5,2,0,2026-08-07
365340,성일하이텍,IT가전,84000,150.37,2,4,2,0,2026-08-07
192080,더블유게임즈,소프트웨어,83846,34.59,13,4,13,0,2026-08-07
036530,SNT홀딩스,자동차,83000,72.56,1,4,1,0,2026-08-07
000210,DL,화학,82000,61.1,2,4,2,0,2026-08-07
005090,SGC에너지,에너지,81667,51.24,3,4,3,0,2026-08-07
195870,해성디에스,반도체,80667,52.78,9,4,9,-2.76,2026-08-07
061090,세나테크놀로지,IT하드웨어,80000,83.07,1,4,1,0,2026-08-07
285130,SK케미칼,화학,80000,83.28,2,4,2,0,2026-08-07
009420,한올바이오파마,건강관리,79714,47.35,7,3.71,7,0,2026-08-07
035900,JYP Ent.,"미디어,교육",78722,68.21,18,4,18,0,2026-08-07
003570,SNT다이내믹스,자동차,77000,140.63,1,4,1,0,2026-08-07
112610,씨에스윈드,에너지,76286,73.97,7,4,7,-2.06,2026-08-07
475960,토모큐브,건강관리,76000,105.41,1,4,1,0,2026-08-07
064290,인텍플러스,반도체,76000,157.63,2,4,2,0,2026-08-07
077970,STX엔진,조선,75500,179.11,2,4,2,-3.21,2026-08-07
389500,에스비비테크,기계,75000,123.88,1,4,1,-6.83,2026-08-07
030200,KT,통신서비스,74833,40.4,18,4,18,0,2026-08-07
229640,LS에코에너지,기계,74667,64.28,6,4,6,-8.05,2026-08-07
236200,슈프리마,IT하드웨어,74000,18.02,1,4,1,17.46,2026-08-07
145720,덴티움,건강관리,73600,77.78,5,4,5,0,2026-08-07
330860,네패스아크,반도체,73500,201.85,2,4,2,0,2026-08-07
178320,서진시스템,기계,72250,111.88,2,4,2,0,2026-08-07
214150,클래시스,건강관리,71000,54.68,16,4,16,0,2026-08-07
499790,GS피앤엘,"호텔,레저서비스",71000,61.36,5,4,5,1.67,2026-08-07
032500,케이엠더블유,IT하드웨어,70000,322.71,1,4,1,40,2026-08-07
215000,골프존,"호텔,레저서비스",70000,89.96,1,4,1,0,2026-08-07
008770,호텔신라,소매(유통),69846,63.57,13,4,13,-4.76,2026-08-07
204320,HL만도,자동차,69136,36.1,22,3.95,22,-0.16,2026-08-07
051600,한전KPS,유틸리티,69091,46.22,11,4,11,0,2026-08-07
263750,펄어비스,소프트웨어,68750,93.12,8,3.88,8,0,2026-08-07
079900,전진건설로봇,기계,68500,108.21,2,4,2,0,2026-08-07
020150,롯데에너지머티리얼즈,IT하드웨어,68100,122.55,11,3.91,11,-16.96,2026-08-07
403870,HPSP,반도체,68000,97.67,6,4,6,0,2026-08-07
028050,삼성E&A,"건설,건축관련",67069,39.44,21,4,21,0,2026-08-07
029780,삼성카드,은행,66500,38.98,4,4,4,0,2026-08-07
102710,이엔에프테크놀로지,반도체,66000,45.06,2,4,2,0,2026-08-07
006800,미래에셋증권,증권,65313,92.66,16,3.71,17,0,2026-08-07
304360,에스바이오메딕스,건강관리,65000,236.79,1,4,1,0,2026-08-07
083450,GST,반도체,65000,33.75,1,4,1,,2026-08-07
073490,LIG아큐버,IT하드웨어,65000,108,2,4,2,0,2026-08-07
327260,RF머트리얼즈,"상사,자본재",64500,85.08,2,4,2,0,2026-08-07
356860,티엘비,반도체,64352,129.01,8,4,8,0,2026-08-07
122870,와이지엔터테인먼트,"미디어,교육",64316,54.79,19,4,19,0,2026-08-07
458870,씨어스,건강관리,64250,179.35,4,4,4,0,2026-08-07
004000,롯데정밀화학,화학,64167,32.17,6,4,6,0,2026-08-07
104830,원익머트리얼즈,화학,63500,93.3,2,4,2,0,2026-08-07
052400,코나아이,소프트웨어,63500,53.38,2,4,2,0.79,2026-08-07
195940,HK이노엔,건강관리,62857,51.1,14,4,14,-0.79,2026-08-07
067310,하나마이크론,반도체,62000,106.67,4,4,4,0,2026-08-07
033240,자화전자,IT하드웨어,62000,146.52,1,4,1,0,2026-08-07
200710,에이디테크놀로지,반도체,61250,105.19,2,4,2,0,2026-08-07
213420,덕산네오룩스,디스플레이,61214,82.73,7,4,7,-4.57,2026-08-07
100840,SNT에너지,에너지,61000,119.03,2,4,2,0,2026-08-07
081660,미스토홀딩스,"화장품,의류,완구",60222,29.23,9,4,9,0,2026-08-07
389020,자람테크놀로지,IT하드웨어,60000,192.68,1,4,1,0,2026-08-07
170920,엘티씨,반도체,60000,68.78,1,4,1,0,2026-08-07
456010,아이씨티케이,IT하드웨어,60000,296.04,1,4,1,0,2026-08-07
007340,DN오토모티브,자동차,60000,26.05,1,4,1,0,2026-08-07
215200,메가스터디교육,"미디어,교육",60000,45.81,2,4,2,0,2026-08-07
138080,오이솔루션,IT하드웨어,60000,125.99,1,4,1,0,2026-08-07
251970,펌텍코리아,"비철,목재등",59750,20.71,4,4,4,0,2026-08-07
035720,카카오,소프트웨어,59375,48.81,16,4,16,-5.85,2026-08-07
377300,카카오페이,소프트웨어,58667,39.68,3,3.4,5,-31.78,2026-08-07
067160,SOOP,소프트웨어,58500,35.1,4,3.6,5,-20.23,2026-08-07
336260,두산퓨얼셀,에너지,58167,90.4,6,3.67,6,-3.74,2026-08-07
060980,HL홀딩스,자동차,57667,47.49,3,4,3,0,2026-08-07
001120,LX인터내셔널,"상사,자본재",57333,51.68,6,4,6,-7.53,2026-08-07
475150,SK이터닉스,에너지,57250,13.37,4,4,4,0,2026-08-07
251270,넷마블,소프트웨어,56938,39.21,16,4,16,-7.92,2026-08-07
170900,동아에스티,건강관리,56667,48.15,3,4,3,0,2026-08-07
001430,세아베스틸지주,철강,56290,35.31,10,4,10,0,2026-08-07
031210,서울보증보험,보험,56000,26.13,1,4,1,0,2026-08-07
257720,실리콘투,소매(유통),55500,41.22,8,4,8,0,2026-08-07
015760,한국전력,유틸리티,55133,54.87,15,4,15,0,2026-08-07
042520,한스바이오메드,건강관리,55000,154.04,1,4,1,0,2026-08-07
419530,SAMG엔터,"미디어,교육",55000,94.69,2,4,2,0,2026-08-07
017960,한국카본,조선,54667,136.65,3,4,3,0,2026-08-07
035760,CJ ENM,"미디어,교육",54483,53.69,14,4,14,-4.9,2026-08-07
181710,NHN,소프트웨어,53778,28.66,9,4,9,0,2026-08-07
013030,하이록코리아,기계,53000,59.4,1,4,1,0,2026-08-07
006040,동원산업,필수소비재,52000,37.75,4,4,4,0,2026-08-07
302440,SK바이오사이언스,건강관리,52000,41.11,1,4,1,6.12,2026-08-07
490470,세미파이브,반도체,52000,212.88,1,4,1,0,2026-08-07
108320,LX세미콘,디스플레이,51500,44.66,2,3.5,2,0,2026-08-07
007690,국도화학,화학,51500,33.59,2,4,2,0,2026-08-07
023160,태광,기계,51000,120.3,2,4,2,0,2026-08-07
230240,에치에프알,IT하드웨어,51000,235.31,2,4,2,0,2026-08-07
005070,코스모신소재,화학,50500,38.17,2,4,2,0,2026-08-07
082920,비츠로셀,IT가전,50333,62.37,3,4,3,0,2026-08-07
005810,풍산홀딩스,"비철,목재등",50250,34.9,2,4,2,-0.5,2026-08-07
347700,스피어,"상사,자본재",50000,116.92,1,4,1,0,2026-08-07
267980,매일유업,필수소비재,50000,44.72,1,4,1,0,2026-08-07
122640,예스티,반도체,49000,140.2,2,4,2,0,2026-08-07
036460,한국가스공사,유틸리티,48750,36.36,8,3.88,8,0,2026-08-07
039130,하나투어,"호텔,레저서비스",48400,53.65,5,4,5,0,2026-08-07
074600,원익QnC,반도체,48333,74.49,3,4,3,-12.12,2026-08-07
014620,성광벤드,기계,48333,81.36,3,4,3,0,2026-08-07
089890,코세스,반도체,48000,126.95,1,4,1,0,2026-08-07
089010,켐트로닉스,IT하드웨어,48000,126.95,2,4,2,0,2026-08-07
340570,티앤엘,건강관리,47742,44.24,3,4,3,0,2026-08-07
200670,휴메딕스,건강관리,47500,78.24,2,4,2,0,2026-08-07
108670,LX하우시스,"건설,건축관련",47200,37.01,5,4,5,-3.67,2026-08-07
452430,사피엔반도체,반도체,47000,74.07,1,4,1,0,2026-08-07
089860,롯데렌탈,운송,46800,15.84,10,4,10,2.86,2026-08-07
278280,천보,IT가전,46000,29.94,2,3.5,2,0,2026-08-07
009240,한샘,"건설,건축관련",45429,11.21,7,3.71,7,0,2026-08-07
272290,이녹스첨단소재,디스플레이,45000,115.31,1,4,1,0,2026-08-07
383310,에코프로에이치엔,"상사,자본재",45000,91.9,1,4,1,0,2026-08-07
462870,시프트업,소프트웨어,44556,36.05,9,3.78,9,0,2026-08-07
096530,씨젠,건강관리,44500,53.98,2,4,2,0,2026-08-07
003160,디아이,반도체,44500,90.99,2,4,2,0,2026-08-07
004020,현대제철,철강,44182,56.12,17,4,17,-5.08,2026-08-07
009830,한화솔루션,에너지,44143,30.21,13,3.92,13,0,2026-08-07
098460,고영,IT하드웨어,44083,48.93,6,4,6,-7.03,2026-08-07
010780,아이에스동서,"건설,건축관련",44000,128.81,5,4,5,0,2026-08-07
060370,LS마린솔루션,"건설,건축관련",44000,43.09,1,4,1,0,2026-08-07
039440,에스티아이,반도체,44000,108.04,1,4,1,0,2026-08-07
316140,우리금융지주,은행,43778,25.8,18,4,18,0,2026-08-07
051500,CJ프레시웨이,필수소비재,43500,85.5,6,4,6,0,2026-08-07
001450,현대해상,보험,43429,10.51,14,3.86,14,0,2026-08-07
085910,네오티스,자동차,43000,145.29,1,4,1,0,2026-08-07
011930,신성이엔지,반도체,43000,184.02,1,4,1,0,2026-08-07
0008Z0,에스엔시스,조선,43000,86.96,1,4,1,0,2026-08-07
058970,엠로,소프트웨어,43000,169.09,1,4,1,0,2026-08-07
001440,대한전선,기계,42643,57.35,7,4,7,0,2026-08-07
005940,NH투자증권,증권,42588,53.2,17,3.94,17,-0.28,2026-08-07
234340,헥토파이낸셜,소프트웨어,42000,141.38,2,4,2,0,2026-08-07
033160,엠케이전자,반도체,42000,149.7,1,4,1,0,2026-08-07
064960,SNT모티브,자동차,41667,52.35,6,4,6,-2.19,2026-08-07
003540,대신증권,증권,41667,59.64,3,4,3,0,2026-08-07
126720,수산인더스트리,에너지,41000,83.86,1,4,1,0,2026-08-07
011560,세보엠이씨,"건설,건축관련",40000,83.49,1,4,1,0,2026-08-07
484870,엠앤씨솔루션,"상사,자본재",40000,150,1,4,1,0,2026-08-07
394420,리센스메디컬,건강관리,40000,270.71,1,4,1,0,2026-08-07
036800,나이스정보통신,"상사,자본재",40000,42.1,1,4,1,0,2026-08-07
001530,DI동일,"화장품,의류,완구",40000,62.6,1,4,1,0,2026-08-07
318060,그래피,건강관리,40000,112.09,1,4,1,0,2026-08-07
078340,컴투스,소프트웨어,39500,17.39,4,3.6,5,0,2026-08-07
010140,삼성중공업,조선,38750,75.74,20,4,20,-0.03,2026-08-07
056190,SFA,기계,38500,77.83,2,4,2,0,2026-08-07
006360,GS건설,"건설,건축관련",38190,20.67,21,4,21,1.57,2026-08-07
290550,디케이티,IT하드웨어,38000,118.39,2,4,2,-7.32,2026-08-07
033500,동성화인텍,화학,38000,123.53,1,4,1,0,2026-08-07
486990,노타,소프트웨어,38000,87.65,1,4,1,0,2026-08-07
011760,현대코퍼레이션,"상사,자본재",37500,37.87,4,4,4,-0.44,2026-08-07
175330,JB금융지주,은행,37375,29.55,16,3.94,16,0,2026-08-07
097230,HJ중공업,"건설,건축관련",37000,121.56,1,4,1,0,2026-08-07
003490,대한항공,운송,36700,35.18,10,3.9,10,0,2026-08-07
253450,스튜디오드래곤,"미디어,교육",36500,44.84,12,4,12,-3.95,2026-08-07
004990,롯데지주,"상사,자본재",36500,54.01,4,4,4,0,2026-08-07
033640,네패스,반도체,36000,129.15,1,4,1,0,2026-08-07
099190,아이센스,건강관리,36000,95.65,2,4,2,0,2026-08-07
054950,제이브이엠,건강관리,35500,43.15,2,4,2,0.47,2026-08-07
091580,상신이디피,IT가전,35000,120.96,1,4,1,0,2026-08-07
108380,대양전기공업,조선,35000,103.02,1,4,1,0,2026-08-07
192400,쿠쿠홀딩스,"화장품,의류,완구",35000,31.33,1,4,1,0,2026-08-07
012630,HDC,"건설,건축관련",35000,54.53,1,4,1,0,2026-08-07
086450,동국제약,건강관리,35000,81.35,2,4,2,-12.5,2026-08-07
100120,뷰웍스,건강관리,35000,37.8,2,4,2,-7.08,2026-08-07
052710,아모텍,IT하드웨어,34830,183.17,2,4,2,0,2026-08-07
376300,디어유,소프트웨어,34727,76.64,11,4,11,-20.77,2026-08-07
001680,대상,필수소비재,34500,85.98,2,4,2,0,2026-08-07
030520,한컴,소프트웨어,34333,85.79,3,4,3,0,2026-08-07
090460,비에이치,IT하드웨어,33818,135.34,11,4,11,-21.72,2026-08-07
093520,매커스,반도체,33000,39.54,1,4,1,0,2026-08-07
249420,일동제약,건강관리,33000,115.41,2,4,2,-13.16,2026-08-07
001940,KISCO홀딩스,철강,33000,24.76,1,4,1,0,2026-08-07
053690,한미글로벌,"건설,건축관련",32500,83.2,2,4,2,0,2026-08-07
097520,엠씨넥스,IT하드웨어,32333,70.99,3,4,3,0,2026-08-07
105840,우진,기계,32000,119.18,1,4,1,0,2026-08-07
013580,계룡건설,"건설,건축관련",32000,60.48,1,4,1,0,2026-08-07
041920,메디아나,건강관리,32000,246.7,1,4,1,0,2026-08-07
007070,GS리테일,소매(유통),32000,12.88,14,4,14,0,2026-08-07
361390,제노코,"상사,자본재",32000,143.53,1,4,1,0,2026-08-07
042000,카페24,소프트웨어,32000,80.79,1,4,1,0,2026-08-07
294870,IPARK현대산업개발,"건설,건축관련",30125,33,16,4,16,0,2026-08-07
405100,큐알티,반도체,30000,185.17,1,4,1,0,2026-08-07
049070,인탑스,IT하드웨어,30000,67.32,1,4,1,0,2026-08-07
112040,위메이드,소프트웨어,30000,83.26,1,4,1,0,2026-08-07
089980,상아프론테크,IT하드웨어,30000,121.08,1,4,1,0,2026-08-07
178920,PI첨단소재,화학,29500,53.81,2,4,2,-9.69,2026-08-07
323410,카카오뱅크,은행,29500,34.09,13,3.69,13,-0.52,2026-08-07
482630,삼양엔씨켐,반도체,29250,124.48,2,4,2,0,2026-08-07
290740,액트로,IT하드웨어,29000,274.68,1,4,1,0,2026-08-07
043150,바텍,건강관리,28875,50.78,4,4,4,0,2026-08-07
020000,한섬,"화장품,의류,완구",28833,77.55,6,4,6,-20.35,2026-08-07
050890,쏠리드,IT하드웨어,28500,189.93,2,4,2,4.27,2026-08-07
080580,오킨스전자,반도체,28000,118.07,1,4,1,0,2026-08-07
214180,헥토이노베이션,소프트웨어,28000,93.64,1,4,1,0,2026-08-07
194700,노바렉스,건강관리,28000,72.1,1,4,1,0,2026-08-07
083500,에프엔에스테크,디스플레이,27900,125.73,3,4,3,0,2026-08-07
095660,네오위즈,소프트웨어,27875,44.58,8,3.88,8,0,2026-08-07
248070,솔루엠,IT하드웨어,27600,84.25,5,4,5,0,2026-08-07
024110,기업은행,은행,27333,31.73,15,3.73,15,0,2026-08-07
286940,롯데이노베이트,소프트웨어,27125,40.62,4,4,4,3.66,2026-08-07
417840,저스템,반도체,27000,171.36,1,4,1,0,2026-08-07
451760,컨텍,"상사,자본재",26700,259.35,1,4,1,0,2026-08-07
033270,유나이티드제약,건강관리,26500,44.81,2,4,2,0,2026-08-07
086390,유니테스트,반도체,26500,203.9,2,4,2,0,2026-08-07
100090,SK오션플랜트,에너지,26167,94.84,6,4,6,0,2026-08-07
119610,인터로조,건강관리,26000,84.79,1,4,1,0,2026-08-07
005500,삼진제약,건강관리,26000,42.08,1,4,1,0,2026-08-07
204270,제이앤티씨,IT하드웨어,26000,78.69,1,4,1,0,2026-08-07
453340,현대그린푸드,필수소비재,25667,31.29,3,4,3,2.67,2026-08-07
476060,온코닉테라퓨틱스,건강관리,25500,81.5,2,4,2,0,2026-08-07
069260,TKG휴켐스,화학,25333,54,3,4,3,0,2026-08-07
214320,이노션,"미디어,교육",25222,29.15,9,4,9,0,2026-08-07
030000,제일기획,"미디어,교육",25136,31.12,11,4,11,0,2026-08-07
115440,우리넷,IT하드웨어,25000,239.67,1,4,1,0,2026-08-07
393890,더블유씨피,IT가전,25000,225.52,4,4,4,0,2026-08-07
032350,롯데관광개발,"호텔,레저서비스",24700,89.56,10,4,10,0.41,2026-08-07
000080,하이트진로,필수소비재,24500,53.41,6,4,6,4.7,2026-08-07
092730,네오팜,"화장품,의류,완구",24500,15.84,2,4,2,0,2026-08-07
139130,iM금융지주,은행,24125,35,16,4,16,0,2026-08-07
138930,BNK금융지주,은행,23531,55.32,16,4,16,0.01,2026-08-07
005690,파미셀,화학,23500,110.01,3,4,3,0,2026-08-07
011200,HMM,운송,23100,5.96,10,3.25,12,0,2026-08-07
232140,와이씨,반도체,22750,147.28,4,4,4,0,2026-08-07
047040,대우건설,"건설,건축관련",22700,38.33,15,3.81,16,-21.72,2026-08-07
194370,제이에스코퍼레이션,"화장품,의류,완구",22500,65.81,1,4,1,0,2026-08-07
282880,코윈테크,기계,22000,130.85,1,4,1,0,2026-08-07
264450,유비쿼스,IT하드웨어,22000,114.22,1,4,1,0,2026-08-07
094360,칩스앤미디어,반도체,21400,113.15,2,4,2,-14.4,2026-08-07
111380,동인기연,"화장품,의류,완구",21000,62.04,3,4,3,0,2026-08-07
092130,이크레더블,"상사,자본재",21000,46.24,1,4,1,0,2026-08-07
361610,SK아이이테크놀로지,IT가전,20800,38.85,10,3.2,10,-8.68,2026-08-07
032640,LG유플러스,통신서비스,20026,33.87,19,3.95,19,0.55,2026-08-07
054450,텔레칩스,반도체,20000,114.36,1,4,1,0,2026-08-07
093370,후성,화학,20000,101.21,1,4,1,0,2026-08-07
282720,금양그린파워,에너지,20000,155.43,1,4,1,0,2026-08-07
035150,백산,"화장품,의류,완구",20000,91.76,1,4,1,0,2026-08-07
403550,쏘카,운송,20000,89.57,1,4,1,0,2026-08-07
030190,NICE평가정보,"상사,자본재",20000,32.45,1,4,1,0,2026-08-07
005440,현대지에프홀딩스,"상사,자본재",19750,62.02,4,4,4,0,2026-08-07
035250,강원랜드,"호텔,레저서비스",19700,34.11,10,4,10,-6.64,2026-08-07
034120,SBS,"미디어,교육",19667,68.09,6,4,6,0,2026-08-07
300720,한일시멘트,"건설,건축관련",19500,31.49,2,4,2,0,2026-08-07
060250,NHN KCP,소프트웨어,19500,49.66,4,4,4,-10.35,2026-08-07
077360,덕산하이메탈,반도체,19500,110.58,2,4,2,0,2026-08-07
031430,신세계인터내셔날,"화장품,의류,완구",19167,68.42,6,4,6,0,2026-08-07
462350,이노스페이스,"상사,자본재",18752,163.75,1,4,1,0,2026-08-07
034230,파라다이스,"호텔,레저서비스",18636,84.52,11,4,11,1.99,2026-08-07
474170,루미르,"상사,자본재",18500,199.35,1,4,1,0,2026-08-07
125490,한라캐스트,자동차,18000,113.78,2,4,2,0,2026-08-07
018290,브이티,"화장품,의류,완구",18000,32.55,1,4,1,0,2026-08-07
006730,서부T&D,"호텔,레저서비스",17333,55.74,6,4,6,3.18,2026-08-07
016580,환인제약,건강관리,17000,63.46,1,4,1,,2026-08-07
060720,KH바텍,IT하드웨어,16667,57.23,3,4,3,0,2026-08-07
089600,KT나스미디어,"미디어,교육",16500,43.11,2,4,2,-1,2026-08-07
003380,하림지주,필수소비재,16500,49.59,1,4,1,0,2026-08-07
003690,코리안리,보험,16333,12.41,3,3.67,3,0,2026-08-07
381970,케이카,자동차,16000,106.45,3,4,3,0,2026-08-07
149950,아바텍,디스플레이,16000,94.41,1,4,1,0,2026-08-07
010690,화신,자동차,16000,98.76,1,4,1,0,2026-08-07
034220,LG디스플레이,디스플레이,15786,61.57,7,4,7,0,2026-08-07
053030,바이넥스,건강관리,15500,123.34,2,4,2,0,2026-08-07
114810,한솔아이원스,반도체,15000,55.6,1,4,1,0,2026-08-07
146320,비씨엔씨,반도체,15000,54.96,1,4,1,0,2026-08-07
144960,뉴파워프라즈마,반도체,15000,41.78,1,4,1,0,2026-08-07
017810,풀무원,필수소비재,15000,62.51,2,4,2,0,2026-08-07
003220,대원제약,건강관리,15000,83.82,3,4,3,0,2026-08-07
336370,솔루스첨단소재,IT하드웨어,15000,102.7,2,4,2,0,2026-08-07
183190,아세아시멘트,"건설,건축관련",15000,59.74,3,4,3,0,2026-08-07
114090,GKL,"호텔,레저서비스",14818,55.98,11,3.91,11,0,2026-08-07
237880,클리오,"화장품,의류,완구",14500,29.58,2,4,2,0,2026-08-07
460860,동국제강,철강,14500,47.96,3,4,3,0,2026-08-07
085620,미래에셋생명,보험,14000,-19.49,1,3,1,0,2026-08-07
003850,보령,건강관리,14000,59.09,1,4,1,0,2026-08-07
084010,대한제강,철강,13400,59.91,2,4,2,-2.9,2026-08-07
053580,웹케시,소프트웨어,13000,88.13,1,4,1,0,2026-08-07
122900,아이마켓코리아,"상사,자본재",13000,62.7,1,4,1,0,2026-08-07
003070,코오롱글로벌,"건설,건축관련",13000,45.25,1,4,1,0,2026-08-07
035600,KG이니시스,소프트웨어,13000,29.1,3,3.67,3,-3.7,2026-08-07
009900,명신산업,자동차,13000,85.45,1,4,1,0,2026-08-07
088980,맥쿼리인프라,운송,12950,29.76,2,4,2,0,2026-08-07
383800,LX홀딩스,"상사,자본재",12500,60.88,2,4,2,0,2026-08-07
415640,KB발해인프라,운송,12300,18.96,1,4,1,,2026-08-07
105630,한세실업,"화장품,의류,완구",12050,31.41,10,3.7,10,0,2026-08-07
051370,인터플렉스,IT하드웨어,12000,73.41,1,4,1,0,2026-08-07
036200,유니셈,반도체,12000,59.79,1,4,1,,2026-08-07
104700,한국철강,철강,12000,25.79,1,4,1,0,2026-08-07
114840,아이패밀리에스씨,"화장품,의류,완구",12000,41.01,1,4,1,0,2026-08-07
441270,파인엠텍,IT하드웨어,12000,37.93,1,4,1,,2026-08-07
336570,원텍,건강관리,12000,131.66,1,4,1,0,2026-08-07
036420,콘텐트리중앙,"미디어,교육",11875,629.87,4,4,4,0,2026-08-07
450950,아스테라시스,건강관리,11500,87.6,2,4,2,0,2026-08-07
068930,디지털대성,"미디어,교육",11500,37.56,1,4,1,0,2026-08-07
243840,신흥에스이씨,IT가전,11350,135.72,2,4,2,0,2026-08-07
080160,모두투어,"호텔,레저서비스",11000,23.32,1,4,1,0,2026-08-07
013890,지누스,"건설,건축관련",11000,35.8,1,4,1,-26.67,2026-08-07
222040,코스맥스엔비티,건강관리,11000,27.46,1,4,1,0,2026-08-07
213500,한솔제지,"비철,목재등",11000,40.67,2,4,2,0,2026-08-07
039570,HDC랩스,"건설,건축관련",10500,38.89,1,4,1,0,2026-08-07
226400,오스테오닉,건강관리,10150,100.2,2,4,2,1.5,2026-08-07
001740,SK네트웍스,"상사,자본재",10125,29.48,4,4,4,0,2026-08-07
317400,자이에스앤디,"건설,건축관련",10000,20.19,1,4,1,47.06,2026-08-07
000520,삼일제약,건강관리,10000,42.86,1,4,1,0,2026-08-07
036540,SFA반도체,반도체,10000,100.2,1,4,1,0,2026-08-07
111110,호전실업,"화장품,의류,완구",9500,41.58,1,4,1,0,2026-08-07
099430,바이오플러스,건강관리,9500,160.63,1,4,1,0,2026-08-07
002350,넥센타이어,자동차,9357,42.86,14,3.93,15,-0.29,2026-08-07
214420,토니모리,"화장품,의류,완구",9000,60.71,1,4,1,0,2026-08-07
293490,카카오게임즈,소프트웨어,8733,4.84,6,3.17,6,-32.82,2026-08-07
071840,롯데하이마트,소매(유통),8633,33.23,3,3.67,3,-1.33,2026-08-07
073240,금호타이어,자동차,8600,10.12,11,4,11,0,2026-08-07
079430,현대리바트,"건설,건축관련",8533,44.39,3,3.67,3,0,2026-08-07
228850,레이언스,건강관리,8400,28.83,2,4,2,0,2026-08-07
000370,한화손해보험,보험,8300,40.92,6,3.83,6,0,2026-08-07
091700,파트론,IT하드웨어,8250,46.28,2,4,2,-8.33,2026-08-07
037440,희림,"건설,건축관련",8000,105.13,1,4,1,0,2026-08-07
028670,팬오션,운송,7867,30.24,12,3.92,12,1.05,2026-08-07
272450,진에어,운송,7857,46.04,7,3.86,7,0,2026-08-07
001340,PKC,화학,7700,48.65,1,4,1,0,2026-08-07
016380,KG스틸,철강,7600,29.69,3,4,3,0,2026-08-07
293940,신한알파리츠,은행,7400,39.62,1,4,1,0,2026-08-07
192650,드림텍,IT하드웨어,7333,59.42,3,4,3,0,2026-08-07
279570,케이뱅크,은행,7200,28.8,1,4,1,0,2026-08-07
063570,NICE인프라,"상사,자본재",7000,116.05,1,4,1,0,2026-08-07
130580,나이스디앤비,"상사,자본재",7000,26.58,1,4,1,0,2026-08-07
025900,동화기업,"건설,건축관련",6900,-14.39,1,3,1,0,2026-08-07
079160,CJ CGV,"미디어,교육",6875,23.65,4,3.75,4,0,2026-08-07
095570,AJ네트웍스,운송,6833,54.25,3,4,3,0,2026-08-07
021320,KCC건설,"건설,건축관련",6500,15.25,1,3,1,0,2026-08-07
148150,세경하이테크,IT하드웨어,6500,109,1,4,1,0,2026-08-07
085670,뉴프렉스,IT하드웨어,6300,112.12,1,4,1,0,2026-08-07
339770,교촌에프앤비,필수소비재,6300,66.67,1,4,1,0,2026-08-07
036620,감성코퍼레이션,"화장품,의류,완구",6300,40.47,2,4,2,0,2026-08-07
088350,한화생명,보험,6267,37.58,12,3.75,12,0,2026-08-07
451800,한화리츠,은행,6100,17.53,1,4,1,,2026-08-07
053450,세코닉스,IT하드웨어,6000,72.41,1,4,1,0,2026-08-07
027410,BGF,화학,6000,45.63,1,4,1,-7.69,2026-08-07
460850,동국씨엠,철강,6000,13.85,1,4,1,0,2026-08-07
002990,금호건설,"건설,건축관련",5650,-42.17,2,4,2,0,2026-08-07
053210,스카이라이프,"미디어,교육",5580,31.92,5,3.2,5,0,2026-08-07
241590,화승엔터프라이즈,"화장품,의류,완구",5575,71.28,4,3.5,4,0,2026-08-07
089590,제주항공,운송,5300,20.32,7,3.13,8,-3.89,2026-08-07
058430,포스코스틸리온,"비철,목재등",5090,11.75,2,3.5,2,0,2026-08-07
046440,KG파이낸셜,소프트웨어,5000,19.33,1,3,1,,2026-08-07
330590,롯데리츠,은행,4700,25.67,1,4,1,0,2026-08-07
018880,한온시스템,자동차,4625,27.59,18,3.78,18,-7.66,2026-08-07
070960,모나용평,"호텔,레저서비스",4600,106.28,1,4,1,0,2026-08-07
365550,ESR켄달스퀘어리츠,은행,4600,41.54,1,4,1,0,2026-08-07
004150,한솔홀딩스,"상사,자본재",4600,45.8,1,4,1,0,2026-08-07
014790,HL D&I,"건설,건축관련",4567,84.14,3,4,3,0,2026-08-07
239890,피엔에이치테크,디스플레이,4400,26.07,1,4,1,0,2026-08-07
001250,GS글로벌,"상사,자본재",4300,48.28,1,4,1,0,2026-08-07
009180,한솔로지스틱스,운송,4100,49.09,1,4,1,-8.89,2026-08-07
001230,동국홀딩스,철강,3215,70.91,1,4,1,0,2026-08-07
013120,동원개발,"건설,건축관련",2700,21.08,1,3,1,0,2026-08-07
037560,LG헬로비전,"미디어,교육",2700,61,4,3.25,4,0,2026-08-07
005880,대한해운,운송,2650,29.58,4,3.75,4,0,2026-08-07
100130,동국S&C,에너지,2000,33.07,1,3,1,0,2026-08-07
034830,한국토지신탁,은행,1800,58.87,1,4,1,0,2026-08-07
019680,대교,"미디어,교육",1500,35.26,1,3,1,0,2026-08-07
0117P0,피스피스스튜디오,"화장품,의류,완구",1224,-76.69,1,,,0,2026-08-07
091810,트리니티항공,운송,900,43.77,1,3,2,0,2026-08-07
