종목명,종목코드,2026-04말,2026-05말,2026-06고점,2026-07저점,현재가,기준일,6월고점대비(%),5월말대비(%)
LG이노텍,011070,573000,1458000,1530000,424000,549000,2026-08-11,-64.1,-62.3
두산퓨얼셀,336260,60800,91400,89600,18900,35500,2026-08-11,-60.4,-61.2
두산테스나,131970,130700,157300,175000,51800,73300,2026-08-11,-58.1,-53.4
두산로보틱스,454910,110200,106500,166700,55400,74100,2026-08-11,-55.5,-30.4
KMW,032500,29750,33350,38200,12360,17200,2026-08-11,-55.0,-48.4
현대오토에버,307950,450500,931000,938000,315500,432500,2026-08-11,-53.9,-53.5
LG전자,066570,140900,293000,392500,148000,181700,2026-08-11,-53.7,-38.0
SK스퀘어,402340,841000,1233000,1970000,799000,945000,2026-08-11,-52.0,-23.4
SK하이닉스,000660,1286000,2333000,2919000,1322000,1425000,2026-08-11,-51.2,-38.9
서진시스템,178320,59500,77600,78200,27900,38300,2026-08-11,-51.0,-50.6
로보스타,090360,72900,94000,158800,51400,82400,2026-08-11,-48.1,-12.3
두산,000150,1596000,1972000,2203000,900000,1177000,2026-08-11,-46.6,-40.3
현대차,005380,531000,723000,750000,351000,403000,2026-08-11,-46.3,-44.3
삼성전기,009150,832000,2127000,2270000,879000,1262000,2026-08-11,-44.4,-40.7
원익IPS,240810,117100,106000,183300,76300,104700,2026-08-11,-42.9,-1.2
삼천당제약,000250,415500,339000,326500,126500,191700,2026-08-11,-41.3,-43.5
한미반도체,042700,368000,282000,361000,167600,213000,2026-08-11,-41.0,-24.5
LG디스플레이,034220,12260,16090,16690,8540,9940,2026-08-11,-40.4,-38.2
비에이치,090460,34500,30650,30250,13100,18120,2026-08-11,-40.1,-40.9
이오테크닉스,039030,468000,458000,612000,240000,368500,2026-08-11,-39.8,-19.5
레인보우로보틱스,277810,664000,702000,789000,373000,480000,2026-08-11,-39.2,-31.6
HD현대일렉트릭,267260,1252000,1053000,1194000,583000,739000,2026-08-11,-38.1,-29.8
현대로템,064350,268500,200500,226500,120100,141400,2026-08-11,-37.6,-29.5
이수페타시스,007660,150300,129200,139400,59200,87800,2026-08-11,-37.0,-32.0
인벤티지랩,389470,61500,50900,50900,24750,32150,2026-08-11,-36.8,-36.8
오이솔루션,138080,38700,34750,39400,13300,25350,2026-08-11,-35.7,-27.1
씨어스,458870,47650,31750,39250,21700,25250,2026-08-11,-35.7,-20.5
주성엔지니어링,036930,126000,200000,250500,98300,162400,2026-08-11,-35.2,-18.8
LS전선아시아,229640,87100,69100,72000,34050,46800,2026-08-11,-35.0,-32.3
현대모비스,012330,425000,768000,761000,440000,495500,2026-08-11,-34.9,-35.5
대한광통신,010170,15150,22700,20600,7160,13450,2026-08-11,-34.7,-40.7
한전기술,052690,188600,134300,151300,79900,99600,2026-08-11,-34.2,-25.8
피에스케이,319660,88700,98500,196100,101400,129100,2026-08-11,-34.2,31.1
삼성전자,005930,220500,317000,362500,207000,239500,2026-08-11,-33.9,-24.4
펩트론,087010,260500,301000,278500,103600,184400,2026-08-11,-33.8,-38.7
일진전기,103590,122500,92900,93200,45650,61800,2026-08-11,-33.7,-33.5
한온시스템,018880,4230,5630,5680,3160,3785,2026-08-11,-33.4,-32.8
동진쎄미켐,005290,56600,54700,64500,33150,43000,2026-08-11,-33.3,-21.4
Corp,006260,453000,446000,466000,223500,322500,2026-08-11,-30.8,-27.7
코위파,095610,84000,119100,208000,100000,146000,2026-08-11,-29.8,22.6
라이트론,069540,5080,4820,4185,1667,2940,2026-08-11,-29.7,-39.0
지놈앤컴퍼니,314130,7060,6120,5950,2990,4190,2026-08-11,-29.6,-31.5
보로노이,310210,284000,287000,250000,100800,176500,2026-08-11,-29.4,-38.5
에이엘티,172670,18730,14010,13500,7440,9540,2026-08-11,-29.3,-31.9
루닛,328130,20750,16760,16120,8520,11640,2026-08-11,-27.8,-30.5
효성중공업,298040,3912000,3685000,3892000,1894000,2831000,2026-08-11,-27.3,-23.2
두산에너빌리티,034020,127100,105600,106900,60200,77900,2026-08-11,-27.1,-26.2
옵티시스,109080,15010,12920,12320,7070,9100,2026-08-11,-26.1,-29.6
삼성중공업,010140,32350,27950,28950,19400,21800,2026-08-11,-24.7,-22.0
HLB,028300,60800,50800,55500,25650,41950,2026-08-11,-24.4,-17.4
ELECTRIC,010120,278000,241500,267000,150300,203000,2026-08-11,-24.0,-15.9
네이버,035420,211000,234000,280500,183200,214000,2026-08-11,-23.7,-8.5
한미약품,128940,460000,491000,539000,311500,413000,2026-08-11,-23.4,-15.9
LG에너지솔루션,373220,460500,458000,455000,300500,354500,2026-08-11,-22.1,-22.6
기아,000270,151800,169200,170200,120400,134300,2026-08-11,-21.1,-20.6
큐로셀,372320,58100,31550,34100,20850,27150,2026-08-11,-20.4,-13.9
상장,237690,152500,134100,135000,84700,108000,2026-08-11,-20.0,-19.5
BNK금융지주,138930,18730,16820,18470,14800,14900,2026-08-11,-19.3,-11.4
메드팩토,235980,5120,3530,3595,2240,2960,2026-08-11,-17.7,-16.1
유비쿼스,264450,14900,13090,12710,9140,10540,2026-08-11,-17.1,-19.5
파크시스템스,140860,289000,275500,339500,227000,283500,2026-08-11,-16.5,2.9
IBK기업은행,024110,22600,20200,23100,20200,20150,2026-08-11,-12.8,-0.2
카카오뱅크,323410,24350,22400,24750,20900,22200,2026-08-11,-10.3,-0.9
뷰노,338220,18960,8970,9300,6610,8430,2026-08-11,-9.4,-6.0
종근당,185750,85700,79400,77500,65600,71100,2026-08-11,-8.3,-10.5
두산밥캣,241560,72000,64700,69100,57600,63800,2026-08-11,-7.7,-1.4
DGB금융지주,139130,19100,17340,18320,15720,17060,2026-08-11,-6.9,-1.6
덕산네오룩스,213420,50500,38850,38850,25900,36350,2026-08-11,-6.4,-6.4
GC녹십자,006280,137100,141400,137700,113200,132700,2026-08-11,-3.6,-6.2
하나금융,086790,127900,115100,132000,116400,127700,2026-08-11,-3.3,10.9
KB금융,105560,160500,150600,172000,158500,166600,2026-08-11,-3.1,10.6
신한지주,055550,99900,93600,107500,96400,104500,2026-08-11,-2.8,11.6
SK바이오팜,326030,99900,89700,91900,74600,90500,2026-08-11,-1.5,0.9
동아ST,170900,44300,40000,39050,33350,39700,2026-08-11,1.7,-0.7
JB금융지주,175330,27300,23900,28250,24500,28750,2026-08-11,1.8,20.3
대웅제약,069620,148300,130600,127200,113800,130100,2026-08-11,2.3,-0.4
우리금융,316140,33350,29700,33050,29350,33800,2026-08-11,2.3,13.8
유한양행,000100,91600,85000,83400,66700,85600,2026-08-11,2.6,0.7
셀바스AI,108860,13140,11090,10410,6230,10950,2026-08-11,5.2,-1.3
동아쏘시오홀딩스,000640,97900,90300,89600,77000,97000,2026-08-11,8.3,7.4
삼성바이오로직스,207940,1470000,1363000,1448000,1325000,1609000,2026-08-11,11.1,18.0
알테오젠,196170,283543,283927,288544,206213,327500,2026-08-11,13.5,15.3
셀트리온,068270,191109,183865,182722,170100,210500,2026-08-11,15.2,14.5
한미사이언스,008930,37700,31750,33150,30650,46200,2026-08-11,39.4,45.5
