종목명,종목코드,최종일,종가,기간고가,고가일,기간저가,저가일,2026-03말,2026-04말,2026-05말,2026-06말,2026-07말,2026-08말,분할의심
APR,278470,2026-08-11,385500,459000,2026-04-28,267000,2026-03-04,337000,424500,395500,385500,320000,385500,
BGF리테일,282330,2026-08-11,150500,153100,2026-08-07,108000,2026-06-22,139300,132000,124200,115800,125000,150500,
CJ대한통운,000120,2026-08-11,77400,127800,2026-03-03,70700,2026-07-29,103400,101100,85500,74100,74500,77400,
CJ바이오사이언스,311690,2026-08-11,4020,8470,2026-03-26,3185,2026-07-30,7820,7790,5160,4360,3430,4020,
CJ씨푸드,011150,2026-08-11,2065,2780,2026-04-17,1818,2026-06-26,2640,2715,2170,1952,1932,2065,
CJ제일제당,097950,2026-08-11,188000,246500,2026-04-30,177500,2026-06-26,216500,246500,202000,185100,191400,188000,
DB손해보험,005830,2026-08-11,164500,194700,2026-03-25,131500,2026-06-26,163800,167600,143100,133900,157000,164500,
DL이앤씨,375500,2026-08-11,73000,102500,2026-04-15,41650,2026-03-04,66800,99000,76500,64100,58500,73000,
Entertainment,035900,2026-08-11,46550,66900,2026-03-19,42000,2026-07-30,61500,62900,57700,51400,43200,46550,
GS,078930,2026-08-11,97500,98900,2026-08-07,61400,2026-03-04,63800,81900,72500,66300,89000,97500,
GS건설,006360,2026-08-11,34750,43100,2026-04-21,18750,2026-03-04,25100,38050,30500,25100,23450,34750,
GS리테일,007070,2026-08-11,27550,29450,2026-05-15,18460,2026-03-09,21900,23500,25550,23500,24750,27550,
HDC현대산업개발,294870,2026-08-11,22450,24300,2026-04-22,17210,2026-07-15,20450,22950,20550,17960,19850,22450,
HD한국조선해양,009540,2026-08-11,398000,479000,2026-04-27,327000,2026-07-14,344000,461500,423000,350000,384500,398000,
HD현대,267250,2026-08-11,224500,310500,2026-04-30,187700,2026-07-29,239000,310500,277500,199500,199600,224500,
HD현대중공업,329180,2026-08-11,503000,745000,2026-05-26,434000,2026-07-29,465000,685000,696000,592000,481000,503000,
HJ중공업,097230,2026-08-11,17070,32650,2026-04-23,13680,2026-07-29,21750,29000,20550,20150,15700,17070,
HK이노엔,195940,2026-08-11,42250,54500,2026-04-27,34900,2026-07-30,49050,52400,45000,40500,36100,42250,
HLB,028300,2026-08-11,41950,68200,2026-04-15,25650,2026-07-13,50600,60800,50800,52000,30600,41950,
HLB테라퓨틱스,115450,2026-08-11,2355,3980,2026-04-15,1451,2026-07-13,2915,3530,2650,2310,1657,2355,
HMM,011200,2026-08-11,21650,24500,2026-03-03,18310,2026-06-26,19570,20500,19560,18610,20950,21650,
HSD엔진,082740,2026-08-11,44700,89500,2026-05-04,38000,2026-08-03,43550,88000,64200,51000,39050,44700,
KAI,047810,2026-08-11,135500,202000,2026-03-17,117500,2026-07-29,164700,169000,168300,146400,127300,135500,
KB금융,105560,2026-08-11,166600,186200,2026-07-13,137700,2026-03-04,141900,160500,150600,159000,168500,166600,
LG,003550,2026-08-11,108300,165800,2026-06-01,82800,2026-03-31,82800,99100,146600,97300,101100,108300,
LG디스플레이,034220,2026-08-11,9940,16690,2026-06-02,8540,2026-07-30,10850,12260,16090,11530,9210,9940,
LG생활건강,051900,2026-08-11,318500,333500,2026-08-07,215000,2026-06-26,247000,254000,247500,229500,287000,318500,
LG에너지솔루션,373220,2026-08-11,354500,484500,2026-04-22,300500,2026-07-29,394500,460500,458000,362000,328000,354500,
LG이노텍,011070,2026-08-11,549000,1530000,2026-06-01,246000,2026-03-04,293500,573000,1458000,981000,514000,549000,
LG전자,066570,2026-08-11,181700,392500,2026-06-02,105600,2026-03-31,105600,140900,293000,203000,162100,181700,
LG화학,051910,2026-08-11,274000,429500,2026-05-08,232500,2026-07-29,299000,397000,367000,280000,258000,274000,
LIG넥스원,079550,2026-08-11,760000,1020000,2026-04-22,611000,2026-03-31,611000,941000,801000,719000,699000,760000,
NAVER,035420,2026-08-11,214000,280500,2026-06-02,183200,2026-07-14,201500,211000,234000,199000,208000,214000,
NH투자증권,005940,2026-08-11,28350,38450,2026-05-06,25950,2026-07-29,29600,33650,30200,29400,28500,28350,
SKC,011790,2026-08-11,85300,174100,2026-05-07,64200,2026-07-30,85816,118000,139300,106600,72200,85300,
SK바이오사이언스,302440,2026-08-11,37500,46600,2026-04-17,32500,2026-07-29,41700,43050,40900,35750,33850,37500,
SK바이오팜,326030,2026-08-11,90500,110200,2026-03-03,74600,2026-07-14,94800,99900,89700,86600,79000,90500,
SK오션플랜트,100090,2026-08-11,13980,30200,2026-04-03,11700,2026-07-29,26850,24550,17010,15130,12520,13980,
SK이노베이션,096770,2026-08-11,124100,149800,2026-04-29,89500,2026-06-26,108700,146200,119200,94900,110500,124100,
SK하이닉스,000660,2026-08-11,1425000,2919000,2026-06-22,807000,2026-03-31,807000,1286000,2333000,2650000,1718000,1425000,
SM엔터,041510,2026-08-11,76300,106700,2026-03-03,66500,2026-06-26,88800,96600,79700,70800,68400,76300,
STX엔진,077970,2026-08-11,28300,66500,2026-04-29,19550,2026-07-29,30650,61600,40400,29300,23050,28300,
YG엔터,122870,2026-08-11,43300,69500,2026-03-06,37050,2026-07-29,52900,54000,44600,41650,38150,43300,
고바이오랩,348150,2026-08-11,3340,6720,2026-03-25,2655,2026-07-30,5740,5320,3905,3225,2835,3340,
글로비스,086280,2026-08-11,201500,284000,2026-05-13,180400,2026-06-26,207500,227000,242500,183100,200000,201500,
기아,000270,2026-08-11,134300,182300,2026-03-03,120400,2026-07-29,145200,151800,169200,138000,131900,134300,
노바렉스,194700,2026-08-11,16750,18220,2026-05-19,11600,2026-06-26,13570,14900,15170,12340,14000,16750,
녹십자,006280,2026-08-11,132700,162100,2026-03-03,113200,2026-07-29,142900,137100,141400,120200,115900,132700,
농우바이오,054050,2026-08-11,6970,8250,2026-03-20,6540,2026-06-26,7820,8080,7180,6730,6690,6970,
대우건설,047040,2026-08-11,17320,37150,2026-04-28,7550,2026-03-04,15550,35000,26200,18840,12780,17320,
대웅제약,069620,2026-08-11,130100,178600,2026-03-03,107300,2026-06-26,160000,148300,130600,112700,113800,130100,
동국제강,460860,2026-08-11,10130,16310,2026-04-29,8080,2026-07-09,8910,15390,10950,8810,9010,10130,
동성화인텍,033500,2026-08-11,17480,30300,2026-04-27,14700,2026-07-29,23150,29000,20500,17360,15690,17480,
동아ST,170900,2026-08-11,39700,47877,2026-03-03,32000,2026-06-26,43800,44300,40000,33950,34450,39700,
동원산업,006040,2026-08-11,37100,41500,2026-03-03,30050,2026-06-23,37900,38550,35500,32150,35400,37100,
동진쎄미켐,005290,2026-08-11,43000,66000,2026-05-26,33150,2026-07-30,44250,56600,54700,58300,39150,43000,
두산로보틱스,454910,2026-08-11,74100,166700,2026-06-02,55400,2026-07-30,79500,110200,106500,90300,61600,74100,
두산에너빌리티,034020,2026-08-11,77900,136400,2026-05-07,60200,2026-07-30,91800,127100,105600,86800,67100,77900,
디앤디파마텍,347850,2026-08-11,60900,111200,2026-06-19,45700,2026-07-30,67800,74200,94600,87500,50400,60900,
램테크놀러지,140860,2026-08-11,283500,339500,2026-06-12,227000,2026-07-30,234500,289000,275500,248500,255000,283500,
랩지노믹스,084650,2026-08-11,815,1803,2026-04-17,530,2026-07-30,1290,1328,886,698,547,815,
레고켐,141080,2026-08-11,116900,213500,2026-03-25,77900,2026-07-30,192000,183400,151100,149900,87500,116900,
레인보우로보틱스,277810,2026-08-11,480000,878000,2026-05-13,373000,2026-07-30,521000,664000,702000,519000,433000,480000,
로보스타,090360,2026-08-11,82400,158800,2026-06-02,51400,2026-07-30,56000,72900,94000,92600,61400,82400,
로보티즈,108490,2026-08-11,243500,405000,2026-06-02,158400,2026-07-30,241000,316500,325500,260000,183800,243500,
로템,064350,2026-08-11,141400,269000,2026-05-04,120100,2026-07-29,169500,268500,200500,173000,133700,141400,
롯데쇼핑,023530,2026-08-11,98800,203500,2026-06-17,92000,2026-03-09,108200,135300,147700,169700,117300,98800,
롯데케미칼,011170,2026-08-11,58100,118000,2026-04-29,54600,2026-07-29,80600,113900,80700,64000,56500,58100,
루닛,328130,2026-08-11,11640,22300,2026-05-06,8520,2026-07-30,16344,20750,16760,11440,9250,11640,
마크로젠,038290,2026-08-11,12720,17390,2026-03-03,10700,2026-07-30,15900,16220,12990,11970,11320,12720,
매일유업,267980,2026-08-11,34400,38600,2026-03-03,31500,2026-06-25,34800,36300,34200,32200,33950,34400,
메드팩토,235980,2026-08-11,2960,6060,2026-03-27,2240,2026-07-30,5600,5120,3530,3145,2350,2960,
메디톡스,086900,2026-08-11,78000,126100,2026-03-03,68200,2026-07-29,101300,105500,96400,80100,72000,78000,
메리츠금융지주,138040,2026-08-11,123800,126300,2026-08-07,100600,2026-06-26,111400,111700,102900,105600,124000,123800,
미래에셋증권,006800,2026-08-11,35500,83800,2026-05-06,30200,2026-07-30,61600,64800,61400,42750,34550,35500,
바이넥스,053030,2026-08-11,7660,15040,2026-03-03,5940,2026-07-30,11200,11020,8890,7320,6400,7660,
바이오니아,064550,2026-08-11,7410,12620,2026-03-06,5790,2026-07-30,10980,10540,8920,6840,6310,7410,
바이젠셀,308080,2026-08-11,6070,13700,2026-05-27,4430,2026-07-30,5370,10890,13590,6250,4770,6070,
보령,003850,2026-08-11,9230,10220,2026-04-17,7570,2026-07-29,9000,9940,9020,8410,8190,9230,
뷰노,338220,2026-08-11,8430,19650,2026-04-28,6610,2026-07-30,15430,18960,8970,7670,7280,8430,
브이티,018290,2026-08-11,14910,17470,2026-04-29,10720,2026-06-26,15090,16960,13310,11530,11690,14910,
비피도,238200,2026-08-11,2580,3265,2026-05-13,2215,2026-06-08,2880,2840,2740,2340,2450,2580,
사조산업,007160,2026-08-11,55200,58800,2026-03-03,40500,2026-06-23,50400,53100,44150,48500,47450,55200,
산업재,139260,2026-08-11,121200,211062,2026-06-22,72786,2026-03-31,72786,114424,187692,192871,130390,121200,
삼성SDI,006400,2026-08-11,459500,712000,2026-04-29,351000,2026-03-04,408000,695000,688000,487000,397000,459500,
삼성물산,028260,2026-08-11,344500,535000,2026-06-04,253500,2026-03-31,253500,298500,432500,468500,351500,344500,
삼성바이오로직스,207940,2026-08-11,1609000,1681000,2026-03-03,1243000,2026-06-08,1504000,1470000,1363000,1391000,1485000,1609000,
삼성생명,032830,2026-08-11,289500,497000,2026-06-19,197500,2026-03-04,210500,249500,388500,401000,311500,289500,
삼성전자,005930,2026-08-11,239500,362500,2026-06-18,167200,2026-03-31,167200,220500,317000,334000,262500,239500,
삼성중공업,010140,2026-08-11,21800,34400,2026-04-24,19400,2026-07-29,24450,32350,27950,23300,21350,21800,
삼성증권,016360,2026-08-11,92700,149500,2026-05-06,87900,2026-07-29,92400,107500,119800,108500,99800,92700,
삼성화재,000810,2026-08-11,641000,730000,2026-06-04,440500,2026-03-31,440500,461000,569000,618000,632000,641000,
삼양홀딩스,000070,2026-08-11,60400,74100,2026-03-03,51900,2026-06-26,66000,69800,56900,54200,57700,60400,
세아베스틸지주,003030,2026-08-11,113000,253000,2026-04-03,96500,2026-07-20,190600,240000,153200,113800,104600,113000,
세진중공업,075580,2026-08-11,11290,21550,2026-04-24,9210,2026-07-29,15520,20550,14930,13210,10120,11290,
셀리드,299660,2026-08-11,1920,4110,2026-04-20,1025,2026-07-22,2470,3180,3000,1406,1707,1920,
셀트리온,068270,2026-08-11,210500,214462,2026-03-03,159400,2026-06-08,187964,191109,183865,173300,186700,210500,
솔브레인,357780,2026-08-11,314000,501000,2026-03-06,224500,2026-07-30,364000,458000,382500,365500,252500,314000,
시프트업,462870,2026-08-11,33650,36250,2026-07-07,28200,2026-03-04,32050,32550,28500,32900,31600,33650,
신라젠,215600,2026-08-11,2315,4000,2026-03-26,1844,2026-07-29,3800,3495,2930,2300,2070,2315,
신세계,004170,2026-08-11,428500,776000,2026-07-01,300500,2026-03-31,300500,407000,515000,755000,423000,428500,
신세계푸드,031440,2026-08-10,38150,56700,2026-05-14,38150,2026-07-20,48700,52300,42800,40450,38150,38150,
신한지주,055550,2026-08-11,104500,110000,2026-08-07,87700,2026-03-31,87700,99900,93600,95800,100700,104500,
쎌바이오텍,049960,2026-08-11,16140,18110,2026-05-26,13350,2026-03-04,14000,16000,17500,15600,15240,16140,
씨젠,096530,2026-08-11,32550,32550,2026-08-11,21850,2026-03-23,21850,24550,30400,29700,26900,32550,
아모레퍼시픽,090430,2026-08-11,137300,150800,2026-04-27,96200,2026-06-23,137200,135300,115100,105700,130000,137300,
아미코젠,092040,2026-08-11,1088,2205,2026-04-16,1024,2026-08-07,1625,1812,1575,1481,1125,1088,
아이센스,099190,2026-08-11,19140,22800,2026-04-24,14690,2026-06-26,18890,21200,17870,16160,16750,19140,
알테오젠,196170,2026-08-11,327500,348000,2026-08-10,206213,2026-07-22,262768,283543,283927,277772,237376,327500,
에스티팜,237690,2026-08-11,108000,168700,2026-04-28,84700,2026-07-30,144600,152500,134100,132200,88500,108000,
에이비엘바이오,298380,2026-08-11,89100,195500,2026-03-18,60800,2026-07-30,165900,134800,111900,99500,66800,89100,
에코프로비엠,247540,2026-08-11,109800,237500,2026-05-08,92600,2026-07-29,192200,206000,217000,142500,103500,109800,
엘앤에프,066970,2026-08-11,98500,213000,2026-05-04,65600,2026-07-29,143900,195100,168300,111500,73300,98500,
오뚜기,007310,2026-08-11,333000,388500,2026-03-03,295000,2026-06-26,359500,365500,334000,303000,323500,333000,
올리패스,244460,2026-08-11,1651,1651,2026-03-03,1651,2026-03-03,1651,1651,1651,1651,1651,1651,
올릭스,226950,2026-08-11,131900,207000,2026-03-06,89500,2026-07-30,185100,172500,175100,155600,94800,131900,
우리금융지주,316140,2026-08-11,33800,35800,2026-04-21,28350,2026-06-26,32050,33350,29700,29000,33600,33800,
원익IPS,240810,2026-08-11,104700,183300,2026-06-12,76300,2026-07-30,108100,117100,106000,168100,97600,104700,
위아,011210,2026-08-11,64900,97600,2026-03-03,52200,2026-07-29,77100,82700,91000,63900,58200,64900,
유바이오로직스,206650,2026-08-11,9120,15180,2026-03-12,7390,2026-07-29,13430,12800,10000,8650,7930,9120,
유한양행,000100,2026-08-11,85600,106500,2026-03-03,66400,2026-06-26,94800,91600,85000,70200,73500,85600,
이마트,139480,2026-08-11,80600,118700,2026-05-14,75500,2026-07-20,95700,106700,86100,82400,79800,80600,
이엔에프테크놀로지,102710,2026-08-11,50900,62700,2026-04-24,34900,2026-07-30,46700,57900,43950,45900,41500,50900,
이오테크닉스,039030,2026-08-11,368500,612000,2026-06-12,240000,2026-07-30,384500,468000,458000,476000,296000,368500,
인벤티지랩,389470,2026-08-11,32150,99500,2026-03-12,24750,2026-07-30,65500,61500,50900,39500,27250,32150,
인섹트엠,290720,2026-08-11,2930,3950,2026-04-16,2055,2026-03-04,3025,3440,3025,2310,3170,2930,
일동제약,249420,2026-08-11,15570,35800,2026-03-03,12150,2026-07-29,28050,26500,21350,16900,13730,15570,
일동홀딩스,000230,2026-08-11,6700,11110,2026-03-03,5660,2026-07-29,9920,9950,7610,6150,6060,6700,
종근당,185750,2026-08-11,71100,91700,2026-03-26,64100,2026-06-26,89100,85700,79400,66200,66900,71100,
종근당바이오,063160,2026-08-11,14560,20300,2026-03-03,12200,2026-07-29,18750,19510,16950,13150,12880,14560,
주성엔지니어링,036930,2026-08-11,162400,250500,2026-06-04,53800,2026-03-04,60700,126000,200000,201000,124500,162400,
지씨셀,144510,2026-08-11,15110,26550,2026-03-13,12710,2026-07-30,23150,23750,19480,14980,13360,15110,
진원생명과학,011000,2026-08-11,2670,8170,2026-05-20,2670,2026-06-24,4580,4325,5610,2670,2670,2670,
차바이오텍,085660,2026-08-11,9720,19910,2026-03-03,8030,2026-07-30,17350,17090,13470,10860,8450,9720,
카카오,035720,2026-08-11,40700,56200,2026-03-03,33150,2026-06-26,45800,47300,41950,34550,37400,40700,
카카오게임즈,293490,2026-08-11,8720,14180,2026-03-25,6930,2026-06-26,12100,12020,9500,7760,7970,8720,
카카오뱅크,323410,2026-08-11,22200,25650,2026-04-16,19750,2026-06-26,23950,24350,22400,20900,22100,22200,
카카오페이,377300,2026-08-11,44900,64300,2026-03-20,37450,2026-07-09,48850,55700,46550,41050,42600,44900,
케이에스피,073010,2026-08-11,2915,6220,2026-05-06,2225,2026-07-29,3265,5870,4010,3065,2475,2915,
코리안리,003690,2026-08-11,14710,14710,2026-08-11,11530,2026-05-13,12240,12350,12850,13280,13770,14710,
코스맥스,192820,2026-08-11,210000,227000,2026-04-24,144900,2026-06-26,196500,210500,173700,154900,184700,210000,
코스메카코리아,241710,2026-08-11,109400,109400,2026-08-11,63900,2026-06-25,79700,81000,71400,69000,78800,109400,
코스모신소재,005070,2026-08-11,39250,65500,2026-04-22,28000,2026-07-30,51600,58900,52200,39250,32450,39250,
콜마비앤에이치,200130,2026-08-11,10030,13150,2026-03-03,7790,2026-06-26,11420,11570,10520,8050,8410,10030,
큐로셀,372320,2026-08-11,27150,65000,2026-04-29,20850,2026-07-30,49100,58100,31550,31100,23100,27150,
크래프톤,259960,2026-08-11,244000,293500,2026-05-14,204000,2026-06-26,255000,265000,257500,236000,243000,244000,
클래시스,214150,2026-08-11,46350,60600,2026-04-27,37550,2026-07-30,50500,55600,44750,46600,41150,46350,
클리오,237880,2026-08-11,11660,13750,2026-05-11,9040,2026-06-26,11650,13290,11540,9600,10820,11660,
키움증권,039490,2026-08-11,300000,484500,2026-05-06,256500,2026-07-29,410500,398000,370500,343000,293500,300000,
티씨케이,064760,2026-08-11,200500,348500,2026-05-14,138200,2026-07-30,228500,294000,265000,272500,165500,200500,
팬오션,028670,2026-08-11,5780,6200,2026-03-03,4580,2026-06-26,4895,5540,5490,4735,5470,5780,
펩트론,087010,2026-08-11,184400,346000,2026-03-20,103600,2026-07-22,293500,260500,301000,184300,127800,184400,
포스코DX,022100,2026-08-11,21200,38700,2026-06-01,17250,2026-07-30,29450,34900,32450,21650,19260,21200,
포스코인터내셔널,047050,2026-08-11,56100,87300,2026-04-30,45650,2026-06-26,71500,87300,63800,49150,52200,56100,
포스코퓨처엠,003670,2026-08-11,156900,296000,2026-05-07,122100,2026-07-29,203500,252000,245500,175600,137700,156900,
포스코홀딩스,005490,2026-08-11,326500,535000,2026-05-07,288500,2026-07-29,332500,462000,423500,317000,312500,326500,
풀무원,017810,2026-08-11,9360,12600,2026-03-03,8610,2026-07-30,11600,12300,10140,9120,8830,9360,
풍산,103140,2026-08-11,83500,130600,2026-03-03,57700,2026-07-29,86700,99200,80200,64400,71200,83500,
프레스티지바이오로직스,334970,2026-08-11,1992,2655,2026-03-03,1728,2026-06-08,2405,2380,1826,2220,1929,1992,
하나금융지주,086790,2026-08-11,127700,136800,2026-07-15,105500,2026-03-04,106600,127900,115100,114600,125400,127700,
하이브,352820,2026-08-11,180300,367500,2026-03-18,163000,2026-07-30,299000,263000,220000,192100,168800,180300,
한국금융지주,071050,2026-08-11,198100,291500,2026-05-06,181700,2026-07-30,202500,240000,237500,221000,206500,198100,
한국기업평가,034950,2026-08-11,103400,111200,2026-05-08,97500,2026-03-04,99500,106300,101200,99700,101300,103400,
한국전력,015760,2026-08-11,35200,50900,2026-03-03,33000,2026-07-20,41650,43550,38900,37000,34800,35200,
한국카본,017960,2026-08-11,24350,52200,2026-04-22,19300,2026-07-29,38850,49550,32250,26700,21350,24350,
한국콜마,161890,2026-08-11,107900,117800,2026-07-03,64200,2026-03-04,76000,88700,85500,99500,95200,107900,
한미반도체,042700,2026-08-11,213000,409500,2026-05-14,167600,2026-07-29,251000,368000,282000,256500,214500,213000,
한미약품,128940,2026-08-11,413000,571000,2026-03-03,311500,2026-07-30,515000,460000,491000,397500,333500,413000,
한솔케미칼,014680,2026-08-11,233500,336000,2026-05-13,186800,2026-07-29,252500,285000,270000,291000,208000,233500,
한스바이오메드,042520,2026-08-11,24200,55700,2026-03-19,17310,2026-07-29,33700,29400,29100,22600,18600,24200,
한전기술,052690,2026-08-11,99600,194800,2026-04-24,79900,2026-07-30,151300,188600,134300,107900,89000,99600,
한진,002320,2026-08-11,15390,20400,2026-03-03,14370,2026-07-29,18740,19420,17110,15610,15000,15390,
한화생명,088350,2026-08-11,4725,5800,2026-05-19,4070,2026-07-29,4430,4885,4880,4540,4420,4725,
한화손해보험,000370,2026-08-11,6130,7650,2026-05-19,5270,2026-07-29,6370,6620,6320,5900,5660,6130,
한화시스템,272210,2026-08-11,72900,162700,2026-03-09,54200,2026-07-29,114100,117300,105000,73000,62500,72900,
한화에어로스페이스,012450,2026-08-11,1098000,1537000,2026-04-07,810000,2026-07-29,1249000,1417000,1173000,995000,917000,1098000,
한화오션,042660,2026-08-11,89000,136900,2026-03-13,74600,2026-07-29,120200,131800,123300,100300,85200,89000,
현대건설,000720,2026-08-11,112300,188700,2026-04-08,81700,2026-07-30,142100,161800,147000,114200,94600,112300,
현대모비스,012330,2026-08-11,495500,768000,2026-05-29,378000,2026-03-31,378000,425000,768000,500000,476000,495500,
현대백화점,069960,2026-08-11,101300,207000,2026-06-17,74700,2026-04-07,79200,108900,109800,193700,118800,101300,
현대제철,004020,2026-08-11,28700,46150,2026-05-15,24500,2026-07-29,33650,42550,40150,28100,26350,28700,
현대차,005380,2026-08-11,403000,750000,2026-06-01,351000,2026-07-30,445500,531000,723000,495000,388000,403000,
현대해상,001450,2026-08-11,44050,44050,2026-08-11,29200,2026-03-04,30150,30400,34550,34850,38450,44050,
휴메딕스,200670,2026-08-11,28100,39100,2026-03-03,22600,2026-07-29,33550,35350,27450,26650,24000,28100,
휴젤,145020,2026-08-11,282500,295000,2026-05-11,221500,2026-07-22,240500,252500,248500,264000,232500,282500,
흥국화재,000540,2026-08-11,3355,4950,2026-03-03,2910,2026-07-29,4170,4415,3570,3165,3150,3355,
