code,name,market,wics,trade_date,close,mktcap_억,per,eps,cns_per,cns_eps,pbr,bps,foreign_pct,hi52,lo52,error
034730,SK,KOSPI,석유와가스,2026-08-28,543000.0,393690,4.93,110113.0,3.35,162315.0,0.8,674968.0,30.01,920000.0,200000.0,
096770,SK이노베이션,KOSPI,석유와가스,2026-08-28,116900.0,197623,,-6951.0,6.93,16865.0,0.76,154159.0,14.59,166000.0,87700.0,
010950,S-Oil,KOSPI,석유와가스,2026-08-28,149200.0,167974,11.42,13069.0,5.98,24964.0,1.72,86631.0,79.26,179700.0,57600.0,
078930,GS,KOSPI,석유와가스,2026-08-28,129200.0,120021,5.24,24679.0,4.86,26608.0,0.75,173176.0,18.49,133200.0,44000.0,
009830,한화솔루션,KOSPI,에너지장비및서비스,2026-08-28,33750.0,75901,,-881.0,20.9,1615.0,0.66,51067.0,12.59,59300.0,22000.0,
336260,두산퓨얼셀,KOSPI,에너지장비및서비스,2026-08-28,45400.0,29734,,-2308.0,-41.31,-1099.0,12.4,3661.0,16.31,108900.0,18230.0,
112610,씨에스윈드,KOSPI,에너지장비및서비스,2026-08-28,49400.0,20833,479.61,103.0,11.21,4405.0,1.6,30897.0,17.3,79400.0,34500.0,
083650,비에이치아이,KOSDAQ,에너지장비및서비스,2026-08-28,65400.0,20238,38.88,1682.0,,,10.02,6525.0,10.06,114200.0,33150.0,
475150,SK이터닉스,KOSPI,에너지장비및서비스,2026-08-28,55800.0,19009,253.64,220.0,65.03,858.0,7.07,7888.0,3.18,87700.0,17210.0,
322000,HD현대에너지솔루션,KOSPI,에너지장비및서비스,2026-08-28,136000.0,15232,18.06,7532.0,,,3.23,42125.0,7.56,256000.0,42250.0,
051910,LG화학,KOSPI,화학,2026-08-28,277000.0,195541,,-19319.0,-63.94,-4332.0,0.61,452637.0,37.34,437500.0,224000.0,
003670,포스코퓨처엠,KOSPI,화학,2026-08-28,186300.0,165707,368.18,506.0,576.78,323.0,3.95,47212.0,9.77,304000.0,114700.0,
086520,에코프로,KOSDAQ,화학,2026-08-28,90200.0,122470,199.56,452.0,,,5.55,16243.0,19.43,190000.0,45050.0,
010060,OCI홀딩스,KOSPI,화학,2026-08-28,274500.0,51250,137.53,1996.0,31.8,8632.0,1.25,220043.0,15.08,414000.0,82100.0,
011790,SKC,KOSPI,화학,2026-08-28,91300.0,45283,,-20562.0,-14.92,-6118.0,2.1,43545.0,11.65,188400.0,61100.0,
011780,금호석유화학,KOSPI,화학,2026-08-28,125900.0,31673,7.21,17465.0,6.52,19321.0,0.47,265467.0,28.41,168700.0,102800.0,
011170,롯데케미칼,KOSPI,화학,2026-08-28,59500.0,25451,,-27422.0,-14.17,-4199.0,0.19,316159.0,21.38,119700.0,52500.0,
014680,한솔케미칼,KOSPI,화학,2026-08-28,203000.0,21912,14.86,13662.0,13.3,15267.0,1.99,102067.0,42.79,346500.0,158600.0,
457190,이수스페셜티케미컬,KOSPI,화학,2026-08-28,66100.0,19975,301.83,219.0,,,14.42,4583.0,5.75,133700.0,43000.0,
120110,코오롱인더,KOSPI,화학,2026-08-28,56500.0,16920,12.85,4397.0,8.05,7015.0,0.43,131731.0,18.1,104900.0,33750.0,
093370,후성,KOSPI,화학,2026-08-28,12520.0,13428,36.82,340.0,,,3.67,3408.0,10.81,23550.0,5450.0,
005070,코스모신소재,KOSPI,화학,2026-08-28,40400.0,13419,,-216.0,,,2.48,16280.0,6.46,68800.0,26600.0,
004000,롯데정밀화학,KOSPI,화학,2026-08-28,48350.0,12474,6.21,7792.0,5.95,8124.0,0.49,99599.0,23.71,77800.0,41000.0,
000210,DL,KOSPI,화학,2026-08-28,50000.0,10478,8.03,6229.0,,,0.26,190742.0,21.66,77700.0,33900.0,
003240,태광산업,KOSPI,화학,2026-08-28,918000.0,10221,8.61,106610.0,,,0.18,5050586.0,3.33,1699000.0,708000.0,
285130,SK케미칼,KOSPI,화학,2026-08-28,54200.0,9376,143.01,379.0,,,0.42,128161.0,11.16,81800.0,35850.0,
298050,HS효성첨단소재,KOSPI,화학,2026-08-28,178800.0,8010,21.59,8283.0,9.99,17906.0,0.89,201086.0,8.43,288000.0,135000.0,
456040,OCI,KOSPI,화학,2026-08-28,82000.0,7341,84.89,966.0,6.4,12816.0,0.62,133258.0,11.19,164600.0,52500.0,
069260,TKG휴켐스,KOSPI,화학,2026-08-28,16390.0,6700,10.39,1577.0,8.83,1857.0,0.67,24489.0,8.11,21600.0,14300.0,
268280,미원에스씨,KOSPI,화학,2026-08-28,134000.0,6700,7.66,17499.0,,,1.31,102398.0,0.57,157000.0,88500.0,
002840,미원상사,KOSPI,화학,2026-08-28,138800.0,6246,12.48,11119.0,,,1.45,95615.0,2.88,166600.0,109100.0,
006650,대한유화,KOSPI,화학,2026-08-28,95800.0,6227,8.45,11337.0,7.06,13565.0,0.32,303771.0,14.01,236000.0,79300.0,
005420,코스모화학,KOSPI,화학,2026-08-28,11280.0,4332,,-505.0,,,1.85,6113.0,5.07,21750.0,7160.0,
010130,고려아연,KOSPI,비철금속,2026-08-28,1375000.0,287003,28.27,48642.0,22.56,60954.0,2.47,556217.0,27.53,2189000.0,798000.0,
103140,풍산,KOSPI,비철금속,2026-08-28,86400.0,24213,11.99,7204.0,8.14,10612.0,0.97,89498.0,13.19,160900.0,55200.0,
014820,동원시스템즈,KOSPI,포장재,2026-08-28,22450.0,6509,10.38,2163.0,,,0.72,31052.0,13.86,31300.0,17310.0,
008730,율촌화학,KOSPI,포장재,2026-08-28,16800.0,4166,83.17,202.0,,,1.42,11826.0,5.59,39200.0,11150.0,
005490,POSCO홀딩스,KOSPI,철강,2026-08-28,337500.0,267440,20.16,16737.0,14.33,23552.0,0.44,759917.0,32.38,542000.0,257000.0,
004020,현대제철,KOSPI,철강,2026-08-28,31000.0,41368,,-136.0,37.76,821.0,0.2,151227.0,16.17,50400.0,23600.0,
001430,세아베스틸지주,KOSPI,철강,2026-08-28,42600.0,15277,17.23,2472.0,15.33,2779.0,0.77,55195.0,7.08,96100.0,22900.0,
003030,세아제강지주,KOSPI,철강,2026-08-28,103400.0,4282,,-28326.0,,,0.2,514187.0,8.34,278000.0,94000.0,
000720,현대건설,KOSPI,건설,2026-08-28,128900.0,143538,32.29,3992.0,28.19,4573.0,1.56,82483.0,25.92,198400.0,54100.0,
028050,삼성E&A,KOSPI,건설,2026-08-28,48750.0,95550,14.41,3383.0,12.91,3777.0,1.91,25567.0,38.61,67300.0,23150.0,
047040,대우건설,KOSPI,건설,2026-08-28,19690.0,80908,,-1362.0,14.47,1361.0,2.14,9216.0,10.91,40350.0,3320.0,
002380,KCC,KOSPI,건축자재,2026-08-28,473500.0,40687,1.14,413917.0,2.37,199434.0,0.32,1498027.0,20.37,731000.0,336000.0,
006360,GS건설,KOSPI,건설,2026-08-28,37150.0,31794,24.36,1525.0,21.04,1766.0,0.64,57609.0,19.24,44850.0,17790.0,
375500,DL이앤씨,KOSPI,건설,2026-08-28,73300.0,28362,5.06,14481.0,6.36,11520.0,0.55,132181.0,24.97,106600.0,38450.0,
060370,LS마린솔루션,KOSDAQ,건설,2026-08-28,33800.0,17657,95.48,354.0,,,2.72,12432.0,2.54,54900.0,21650.0,
097230,HJ중공업,KOSPI,건설,2026-08-28,17160.0,15495,10.81,1588.0,,,2.06,8339.0,5.71,34350.0,12910.0,
294870,IPARK현대산업개발,KOSPI,건설,2026-08-28,23150.0,15258,8.28,2796.0,4.17,5549.0,0.44,52436.0,17.68,25100.0,16900.0,
012630,HDC,KOSPI,건설,2026-08-28,23200.0,13860,3.14,7378.0,,,0.36,64552.0,24.27,30650.0,15850.0,
300720,한일시멘트,KOSPI,건축자재,2026-08-28,16950.0,12466,12.01,1411.0,,,0.67,25188.0,4.31,21200.0,12710.0,
009240,한샘,KOSPI,가구,2026-08-28,39700.0,9343,78.3,507.0,41.23,963.0,1.62,24466.0,13.07,58600.0,28300.0,
002030,아세아,KOSPI,건축자재,2026-08-28,214500.0,4416,15.95,13450.0,,,0.29,739529.0,5.4,402000.0,157800.0,
034020,두산에너빌리티,KOSPI,기계,2026-08-28,88200.0,564975,311.66,283.0,176.75,499.0,6.91,12767.0,23.88,139200.0,57000.0,
010120,LS ELECTRIC,KOSPI,전기장비,2026-08-28,214500.0,321750,82.75,2592.0,59.78,3588.0,14.98,14317.0,18.72,920000.0,146500.0,
298040,효성중공업,KOSPI,전기장비,2026-08-28,3153000.0,294003,50.25,62744.0,37.62,83816.0,11.35,277856.0,27.49,4865000.0,1185000.0,
267260,HD현대일렉트릭,KOSPI,전기장비,2026-08-28,814000.0,293424,34.49,23602.0,30.79,26440.0,12.99,62651.0,34.57,1449000.0,484000.0,
006260,LS,KOSPI,전기장비,2026-08-28,313000.0,97656,23.11,13543.0,15.04,20817.0,1.62,193319.0,16.74,604000.0,161200.0,
277810,레인보우로보틱스,KOSDAQ,기계,2026-08-28,456000.0,88463,7125.0,64.0,,,66.56,6851.0,5.63,979000.0,266500.0,
267270,HD건설기계,KOSPI,기계,2026-08-28,136600.0,65461,10.55,12944.0,11.11,12291.0,1.33,102911.0,16.3,227000.0,85000.0,
062040,산일전기,KOSPI,전기장비,2026-08-28,202500.0,62052,34.27,5909.0,29.03,6975.0,9.33,21710.0,17.51,348500.0,101700.0,
000500,가온전선,KOSPI,전기장비,2026-08-28,204000.0,60746,94.49,2159.0,,,11.46,17807.0,2.02,635000.0,52600.0,
241560,두산밥캣,KOSPI,기계,2026-08-28,63100.0,60485,12.14,5197.0,10.75,5868.0,0.77,82108.0,39.13,81600.0,51900.0,
001440,대한전선,KOSPI,전기장비,2026-08-28,29700.0,58210,,-82.0,60.74,489.0,3.08,9634.0,12.16,75900.0,14740.0,
454910,두산로보틱스,KOSPI,기계,2026-08-28,71600.0,46411,,-794.0,,,14.1,5079.0,5.3,170000.0,54200.0,
108490,로보티즈,KOSDAQ,기계,2026-08-28,242000.0,35480,,-266.0,-2420.0,-100.0,9.94,24350.0,4.9,492000.0,86400.0,
103590,일진전기,KOSPI,전기장비,2026-08-28,72600.0,34620,24.62,2949.0,19.08,3805.0,5.29,13721.0,10.96,154800.0,33500.0,
017800,현대엘리베이터,KOSPI,기계,2026-08-28,75600.0,29554,8.04,9398.0,,,2.52,30029.0,22.16,114300.0,61800.0,
319400,현대무벡스,KOSDAQ,기계,2026-08-28,23750.0,26452,151.27,157.0,,,15.87,1497.0,1.85,50400.0,4655.0,
178320,서진시스템,KOSDAQ,전기장비,2026-08-28,38950.0,24792,,-1425.0,-671.55,-58.0,2.51,15499.0,14.83,83300.0,18750.0,
229640,LS에코에너지,KOSPI,전기장비,2026-08-28,45900.0,14057,31.72,1447.0,26.02,1764.0,5.6,8202.0,6.85,109800.0,32000.0,
006340,대원전선,KOSPI,전기장비,2026-08-28,13610.0,10672,85.6,159.0,,,7.53,1807.0,2.91,20300.0,2765.0,
329180,HD현대중공업,KOSPI,조선,2026-08-28,457000.0,479673,17.83,25631.0,14.82,30839.0,4.55,100473.0,14.05,768000.0,344500.0,
042660,한화오션,KOSPI,조선,2026-08-28,88500.0,271176,13.07,6770.0,13.77,6425.0,3.6,24558.0,10.38,154800.0,71300.0,
009540,HD한국조선해양,KOSPI,조선,2026-08-28,354500.0,250891,7.28,48724.0,6.46,54893.0,1.69,209715.0,33.21,494500.0,314000.0,
010140,삼성중공업,KOSPI,조선,2026-08-28,21200.0,186560,33.02,642.0,19.89,1066.0,3.8,5586.0,28.95,35900.0,18440.0,
267250,HD현대,KOSPI,조선,2026-08-28,218000.0,172205,6.3,34618.0,4.38,49734.0,1.26,173040.0,26.8,336000.0,134700.0,
443060,HD현대마린솔루션,KOSPI,조선,2026-08-28,221000.0,99082,29.63,7459.0,28.12,7859.0,11.11,19898.0,30.4,290500.0,158000.0,
082740,한화엔진,KOSPI,조선,2026-08-28,48250.0,40263,18.39,2623.0,20.26,2381.0,6.2,7788.0,15.58,94400.0,35800.0,
439260,대한조선,KOSPI,조선,2026-08-28,49000.0,18663,6.18,7925.0,6.17,7937.0,1.56,31476.0,1.89,109900.0,42100.0,
071970,HD현대마린엔진,KOSPI,조선,2026-08-28,53100.0,18012,9.25,5740.0,13.93,3811.0,3.45,15390.0,13.25,118200.0,46150.0,
017960,한국카본,KOSPI,조선,2026-08-28,24950.0,12893,12.61,1978.0,10.91,2286.0,1.91,13032.0,13.28,54100.0,18400.0,
077970,STX엔진,KOSPI,조선,2026-08-28,25300.0,10157,15.04,1682.0,,,2.65,9540.0,4.67,67700.0,18830.0,
028260,삼성물산,KOSPI,복합기업,2026-08-28,375000.0,608128,22.7,16520.0,22.68,16532.0,0.58,645052.0,30.87,566000.0,165000.0,
012450,한화에어로스페이스,KOSPI,우주항공과국방,2026-08-28,1157000.0,596589,28.85,40099.0,25.83,44794.0,4.96,233220.0,45.56,1713000.0,783000.0,
000150,두산,KOSPI,복합기업,2026-08-28,1238000.0,200480,71.38,17343.0,54.57,22687.0,8.48,145939.0,20.37,2489000.0,522000.0,
003550,LG,KOSPI,복합기업,2026-08-28,116300.0,175836,24.16,4813.0,15.26,7622.0,0.58,201266.0,37.24,185900.0,70000.0,
079550,LIG디펜스앤에어로스페이스,KOSPI,우주항공과국방,2026-08-28,734000.0,161480,56.37,13022.0,44.85,16364.0,10.05,73022.0,27.34,1118000.0,360000.0,
064350,현대로템,KOSPI,우주항공과국방,2026-08-28,139100.0,151817,18.8,7400.0,16.96,8202.0,4.46,31211.0,39.54,282000.0,113100.0,
272210,한화시스템,KOSPI,우주항공과국방,2026-08-28,75800.0,143201,77.03,984.0,102.85,737.0,3.15,24026.0,10.59,184000.0,44750.0,
047810,한국항공우주,KOSPI,우주항공과국방,2026-08-28,133100.0,129739,73.17,1819.0,53.78,2475.0,6.83,19491.0,23.66,215500.0,93100.0,
047050,포스코인터내셔널,KOSPI,무역회사와판매업체,2026-08-28,52700.0,92711,11.19,4709.0,10.08,5227.0,1.28,41034.0,7.85,92100.0,44850.0,
000880,한화,KOSPI,복합기업,2026-08-28,134900.0,71941,15.68,8601.0,7.13,18931.0,0.89,151529.0,20.66,166400.0,77700.0,
001040,CJ,KOSPI,복합기업,2026-08-28,130500.0,38076,99.09,1317.0,13.24,9858.0,0.8,162243.0,18.07,235000.0,116900.0,
012750,에스원,KOSPI,상업서비스와공급품,2026-08-28,83500.0,31729,20.77,4020.0,18.73,4457.0,1.64,50837.0,55.8,107000.0,66800.0,
004800,효성,KOSPI,복합기업,2026-08-28,171600.0,28727,6.22,27590.0,7.26,23635.0,1.07,160952.0,21.55,328000.0,82000.0,
004990,롯데지주,KOSPI,복합기업,2026-08-28,24150.0,24069,,-3837.0,29.34,823.0,0.29,83300.0,10.1,41250.0,21150.0,
005440,현대지에프홀딩스,KOSPI,복합기업,2026-08-28,11860.0,21751,5.25,2259.0,5.98,1984.0,0.35,34266.0,9.88,19900.0,7280.0,
032820,우리기술,KOSDAQ,우주항공과국방,2026-08-28,12510.0,21615,,-40.0,,,12.96,965.0,6.52,30200.0,3540.0,
000155,두산우,KOSPI,복합기업,2026-08-28,440000.0,17584,25.37,17343.0,19.39,22687.0,3.01,145939.0,9.69,840000.0,321000.0,
298020,효성티앤씨,KOSPI,무역회사와판매업체,2026-08-28,346000.0,14974,13.3,26006.0,5.6,61734.0,0.85,407689.0,21.22,557000.0,199000.0,
001120,LX인터내셔널,KOSPI,무역회사와판매업체,2026-08-28,38600.0,14961,12.5,3088.0,5.51,7001.0,0.47,82641.0,26.48,57700.0,29000.0,
001740,SK네트웍스,KOSPI,복합기업,2026-08-28,6690.0,13420,12.16,550.0,11.78,568.0,0.62,10871.0,18.03,16240.0,4275.0,
347700,스피어,KOSDAQ,우주항공과국방,2026-08-28,22250.0,11470,25.31,879.0,,,10.32,2155.0,8.72,57300.0,7050.0,
0220W0,한화머시너리앤서비스홀딩스,KOSPI,복합기업,2026-08-28,7440.0,6288,,,,,,,19.38,13000.0,7140.0,
011200,HMM,KOSPI,해운사,2026-08-28,21700.0,204683,14.58,1488.0,11.03,1968.0,0.71,30457.0,8.57,27000.0,17910.0,
086280,현대글로비스,KOSPI,항공화물운송과물류,2026-08-28,205000.0,153750,9.98,20548.0,9.24,22193.0,1.41,145224.0,46.52,303500.0,156000.0,
003490,대한항공,KOSPI,항공사,2026-08-28,28700.0,105679,,-693.0,31.57,909.0,1.01,28464.0,46.93,31200.0,21000.0,
180640,한진칼,KOSPI,항공사,2026-08-28,131300.0,87659,,-453.0,,,2.64,49695.0,18.83,175900.0,93100.0,
088980,맥쿼리인프라,KOSPI,,2026-08-28,9960.0,47701,,,,,,,8.84,11890.0,9320.0,
028670,팬오션,KOSPI,해운사,2026-08-28,5790.0,30952,9.15,633.0,6.58,880.0,0.49,11826.0,17.46,6600.0,3485.0,
089860,롯데렌탈,KOSPI,도로와철도운송,2026-08-28,47700.0,17320,14.62,3262.0,12.53,3806.0,1.1,43521.0,6.44,48750.0,26650.0,
000120,CJ대한통운,KOSPI,항공화물운송과물류,2026-08-28,74700.0,17041,7.64,9773.0,8.19,9119.0,0.36,209877.0,15.75,165500.0,69400.0,
020560,아시아나항공,KOSPI,항공사,2026-08-28,7680.0,15820,,-5754.0,,,11.93,644.0,7.25,9620.0,6500.0,
415640,KB발해인프라,KOSPI,,2026-08-28,10450.0,12806,,,,,,,1.41,11380.0,8500.0,
005380,현대차,KOSPI,자동차,2026-08-28,399500.0,818007,13.01,30697.0,10.57,37779.0,0.86,467197.0,24.25,787000.0,211000.0,
000270,기아,KOSPI,자동차,2026-08-28,128000.0,499729,7.11,18004.0,5.85,21895.0,0.77,166439.0,39.23,212500.0,98400.0,
012330,현대모비스,KOSPI,자동차부품,2026-08-28,450500.0,404642,11.3,39873.0,9.85,45734.0,0.77,583823.0,37.77,822000.0,283000.0,
161390,한국타이어앤테크놀로지,KOSPI,자동차부품,2026-08-28,66400.0,82253,6.78,9792.0,6.4,10383.0,0.6,109979.0,39.29,78400.0,37650.0,
005387,현대차2우B,KOSPI,자동차,2026-08-28,192400.0,67271,6.27,30697.0,5.09,37779.0,0.41,467197.0,54.54,332000.0,164500.0,
005385,현대차우,KOSPI,자동차,2026-08-28,192400.0,44908,6.27,30697.0,5.09,37779.0,0.41,467197.0,56.51,329000.0,162100.0,
018880,한온시스템,KOSPI,자동차부품,2026-08-28,3490.0,35817,,-6.0,14.02,249.0,0.87,4008.0,6.87,5940.0,2755.0,
007340,DN오토모티브,KOSPI,자동차부품,2026-08-28,47200.0,27617,7.12,6628.0,,,1.02,46067.0,6.03,68000.0,21550.0,
005850,에스엘,KOSPI,자동차부품,2026-08-28,52400.0,24339,6.38,8208.0,6.64,7892.0,0.89,58754.0,15.93,80800.0,32650.0,
204320,HL만도,KOSPI,자동차부품,2026-08-28,50300.0,23619,13.97,3600.0,11.72,4290.0,0.8,62646.0,17.97,79100.0,32150.0,
000240,한국앤컴퍼니,KOSPI,자동차부품,2026-08-28,24750.0,23496,5.94,4167.0,,,0.45,54762.0,8.85,37900.0,21550.0,
073240,금호타이어,KOSPI,자동차부품,2026-08-28,7360.0,21142,4.44,1659.0,5.19,1417.0,0.87,8433.0,10.43,8850.0,3600.0,
011210,현대위아,KOSPI,자동차부품,2026-08-28,59700.0,16235,22.89,2608.0,10.78,5538.0,0.43,139961.0,19.69,115900.0,46950.0,
437730,삼현,KOSDAQ,자동차부품,2026-08-28,32150.0,10194,98.02,328.0,,,8.02,4010.0,1.68,77300.0,13680.0,
278470,에이피알,KOSPI,화장품,2026-08-28,461500.0,172777,40.04,11527.0,29.44,15677.0,26.66,17309.0,38.17,473000.0,204000.0,
090430,아모레퍼시픽,KOSPI,화장품,2026-08-28,150600.0,88090,36.36,4142.0,27.89,5400.0,1.86,80855.0,26.29,169000.0,94000.0,
021240,코웨이,KOSPI,가정용기기와용품,2026-08-28,100400.0,71050,10.5,9563.0,9.88,10166.0,1.84,54488.0,54.47,108800.0,68800.0,
051900,LG생활건강,KOSPI,화장품,2026-08-28,318000.0,47622,,-4342.0,23.37,13605.0,0.94,337569.0,31.45,335500.0,210000.0,
161890,한국콜마,KOSPI,화장품,2026-08-28,161700.0,38169,20.65,7832.0,19.51,8287.0,3.81,42430.0,40.35,168500.0,55200.0,
192820,코스맥스,KOSPI,화장품,2026-08-28,303000.0,34389,18.66,16236.0,20.31,14920.0,5.32,56990.0,35.85,306000.0,141000.0,
111770,영원무역,KOSPI,"섬유,의류,신발,호화품",2026-08-28,74300.0,32923,5.57,13333.0,5.44,13648.0,0.7,106119.0,29.27,119900.0,56600.0,
483650,달바글로벌,KOSPI,화장품,2026-08-28,229000.0,28684,26.02,8801.0,21.91,10453.0,11.29,20290.0,40.88,283000.0,116100.0,
383220,F&F,KOSPI,"섬유,의류,신발,호화품",2026-08-28,66900.0,25627,4.9,13659.0,5.27,12701.0,1.22,54907.0,12.94,89000.0,58000.0,
009970,영원무역홀딩스,KOSPI,"섬유,의류,신발,호화품",2026-08-28,171500.0,22216,5.35,32086.0,,,0.61,280536.0,23.27,274000.0,125300.0,
081660,미스토홀딩스,KOSPI,"섬유,의류,신발,호화품",2026-08-28,41350.0,21953,8.5,4864.0,7.52,5501.0,1.01,40975.0,40.32,55800.0,36000.0,
002790,아모레퍼시픽홀딩스,KOSPI,화장품,2026-08-28,28000.0,21408,18.59,1506.0,,,0.71,39318.0,14.43,35950.0,19950.0,
241710,코스메카코리아,KOSDAQ,화장품,2026-08-28,153900.0,16437,25.75,5976.0,22.26,6914.0,6.0,25638.0,23.65,156500.0,56800.0,
035250,강원랜드,KOSPI,"호텔,레스토랑,레저",2026-08-28,14790.0,31642,9.58,1544.0,10.14,1459.0,0.75,19725.0,9.17,19700.0,13910.0,
034230,파라다이스,KOSPI,"호텔,레스토랑,레저",2026-08-28,10030.0,9291,12.41,808.0,10.6,946.0,0.5,19937.0,8.04,24000.0,9160.0,
352820,하이브,KOSPI,방송과엔터테인먼트,2026-08-28,180000.0,77592,,-8743.0,41.19,4370.0,2.23,80633.0,18.63,418000.0,157900.0,
030000,제일기획,KOSPI,광고,2026-08-28,19340.0,22249,10.11,1913.0,9.95,1943.0,1.22,15916.0,18.61,23300.0,17760.0,
041510,에스엠,KOSDAQ,방송과엔터테인먼트,2026-08-28,75800.0,17354,13.18,5750.0,14.26,5314.0,1.68,45070.0,31.98,153000.0,63900.0,
035900,JYP Ent.,KOSDAQ,방송과엔터테인먼트,2026-08-28,40100.0,14249,13.12,3057.0,11.81,3396.0,2.05,19575.0,14.44,105100.0,38150.0,
004170,신세계,KOSPI,백화점과일반상점,2026-08-28,405500.0,38300,23.02,17615.0,9.23,43944.0,0.66,616162.0,29.5,798000.0,160800.0,
257720,실리콘투,KOSDAQ,인터넷과카탈로그소매,2026-08-28,53300.0,34952,15.83,3368.0,14.46,3686.0,7.09,7516.0,11.7,56100.0,29850.0,
023530,롯데쇼핑,KOSPI,백화점과일반상점,2026-08-28,102100.0,28883,15.95,6401.0,8.42,12133.0,0.19,541270.0,15.55,211000.0,62700.0,
282330,BGF리테일,KOSPI,백화점과일반상점,2026-08-28,147000.0,25407,11.81,12452.0,10.9,13490.0,1.92,76586.0,39.84,156600.0,101200.0,
007070,GS리테일,KOSPI,백화점과일반상점,2026-08-28,26650.0,22281,17.18,1551.0,9.91,2688.0,0.66,40141.0,13.76,29950.0,15950.0,
139480,이마트,KOSPI,백화점과일반상점,2026-08-28,75100.0,20724,97.66,769.0,-610.57,-123.0,0.15,490692.0,24.01,137500.0,70300.0,
069960,현대백화점,KOSPI,백화점과일반상점,2026-08-28,93400.0,20142,9.05,10322.0,7.51,12431.0,0.43,217975.0,28.66,222000.0,63300.0,
008770,호텔신라,KOSPI,백화점과일반상점,2026-08-28,43000.0,16877,,-3458.0,14.94,2878.0,1.43,30119.0,21.17,70300.0,39700.0,
033780,KT&G,KOSPI,담배,2026-08-28,176300.0,183018,14.21,12405.0,14.05,12547.0,1.89,93205.0,50.9,194900.0,129700.0,
003230,삼양식품,KOSPI,식품,2026-08-28,1547000.0,116536,23.9,64729.0,20.6,75108.0,7.61,203212.0,17.99,1665000.0,981000.0,
271560,오리온,KOSPI,식품,2026-08-28,129500.0,51190,12.21,10602.0,10.72,12079.0,1.26,102850.0,38.97,153000.0,99000.0,
097950,CJ제일제당,KOSPI,식품,2026-08-28,189300.0,28498,,-41473.0,10.22,18531.0,0.41,466060.0,12.49,252000.0,172600.0,
004370,농심,KOSPI,식품,2026-08-28,450500.0,27402,13.92,32367.0,13.2,34135.0,0.87,515963.0,24.74,629000.0,319000.0,
026960,동서,KOSPI,식품,2026-08-28,26150.0,26072,18.05,1449.0,,,1.5,17410.0,3.66,31350.0,20250.0,
140410,메지온,KOSDAQ,식품,2026-08-28,69200.0,21190,,-903.0,,,54.23,1276.0,24.3,179900.0,39400.0,
006040,동원산업,KOSPI,식품,2026-08-28,38650.0,17060,3.94,9808.0,4.41,8774.0,0.45,86550.0,4.51,52000.0,29050.0,
001800,오리온홀딩스,KOSPI,식품,2026-08-28,26200.0,15761,11.68,2243.0,,,0.62,42358.0,9.91,31150.0,18360.0,
007310,오뚜기,KOSPI,식품,2026-08-28,339000.0,13587,18.61,18216.0,,,0.54,622347.0,11.14,519000.0,290500.0,
280360,롯데웰푸드,KOSPI,식품,2026-08-28,146300.0,13466,15.88,9215.0,10.74,13616.0,0.57,256312.0,13.75,148000.0,90000.0,
003380,하림지주,KOSDAQ,식품,2026-08-28,11050.0,12377,7.4,1494.0,,,0.32,35033.0,7.94,19610.0,7060.0,
000080,하이트진로,KOSPI,음료,2026-08-28,15720.0,11025,23.78,661.0,11.3,1391.0,0.95,16552.0,7.36,19650.0,13830.0,
005300,롯데칠성,KOSPI,음료,2026-08-28,99600.0,9242,15.32,6503.0,10.21,9754.0,0.64,154751.0,16.29,165200.0,93900.0,
001680,대상,KOSPI,식품,2026-08-28,18200.0,6306,,-8325.0,,,0.59,30646.0,16.19,24300.0,15880.0,
207940,삼성바이오로직스,KOSPI,제약,2026-08-28,1486000.0,687884,41.05,36202.0,36.67,40521.0,8.22,180839.0,13.22,1987000.0,982000.0,
068270,셀트리온,KOSPI,제약,2026-08-28,190700.0,443601,29.03,6568.0,28.36,6725.0,2.44,78267.0,25.55,258500.0,145200.0,
196170,알테오젠,KOSDAQ,생물공학,2026-08-28,320000.0,222896,117.04,2734.0,82.41,3883.0,41.85,7646.0,15.55,569000.0,253000.0,
0126Z0,삼성에피스홀딩스,KOSPI,제약,2026-08-28,373500.0,92938,17.61,21211.0,39.27,9510.0,1.52,245387.0,6.3,773000.0,329000.0,
326030,SK바이오팜,KOSPI,제약,2026-08-28,88000.0,68916,17.19,5120.0,21.07,4176.0,6.74,13047.0,12.38,147800.0,73000.0,
128940,한미약품,KOSPI,제약,2026-08-28,509000.0,65208,30.04,16942.0,25.34,20087.0,4.6,110632.0,12.9,648000.0,288000.0,
000100,유한양행,KOSPI,제약,2026-08-28,84900.0,62500,29.01,2927.0,40.2,2112.0,2.66,31931.0,21.9,129200.0,65000.0,
028300,HLB,KOSDAQ,건강관리장비와용품,2026-08-28,36000.0,47951,,-1613.0,,,13.9,2590.0,19.88,69200.0,24000.0,
214450,파마리서치,KOSDAQ,건강관리장비와용품,2026-08-28,461500.0,47948,28.74,16056.0,24.09,19156.0,7.08,65167.0,9.24,697000.0,254500.0,
087010,펩트론,KOSDAQ,생물공학,2026-08-28,192400.0,44863,,-881.0,,,34.54,5570.0,3.9,397000.0,98000.0,
298380,에이비엘바이오,KOSDAQ,생물공학,2026-08-28,76900.0,43054,,-1420.0,,,25.11,3063.0,13.36,257500.0,59100.0,
000250,삼천당제약,KOSDAQ,제약,2026-08-28,171000.0,40112,392.2,436.0,,,13.42,12740.0,4.59,1284000.0,120000.0,
141080,리가켐바이오,KOSDAQ,제약,2026-08-28,101000.0,37390,,-2029.0,-44.81,-2254.0,7.95,12705.0,11.94,260000.0,75700.0,
009420,한올바이오파마,KOSPI,제약,2026-08-28,64600.0,33747,,-477.0,-1153.57,-56.0,20.33,3178.0,3.36,75500.0,28950.0,
145020,휴젤,KOSDAQ,생물공학,2026-08-28,259000.0,32414,20.17,12839.0,18.4,14073.0,2.65,97675.0,56.73,345000.0,208500.0,
310210,보로노이,KOSDAQ,제약,2026-08-28,172600.0,31972,,-3758.0,,,34.45,5010.0,6.58,375500.0,97500.0,
302440,SK바이오사이언스,KOSPI,제약,2026-08-28,38950.0,30559,,-1080.0,,,1.74,22375.0,5.9,61300.0,31750.0,
008930,한미사이언스,KOSPI,제약,2026-08-28,44500.0,30434,20.16,2207.0,,,2.84,15661.0,0.42,57500.0,22200.0,
214370,케어젠,KOSDAQ,건강관리업체및서비스,2026-08-28,52900.0,28415,124.18,426.0,,,11.82,4474.0,4.46,153800.0,45950.0,
347850,디앤디파마텍,KOSDAQ,생물공학,2026-08-28,55600.0,25486,,-535.0,,,32.67,1702.0,8.92,342500.0,45000.0,
237690,에스티팜,KOSDAQ,제약,2026-08-28,110200.0,23006,32.7,3370.0,33.51,3289.0,3.75,29350.0,12.33,172100.0,83000.0,
226950,올릭스,KOSDAQ,생명과학도구및서비스,2026-08-28,105900.0,22306,,-642.0,,,10.28,10303.0,9.86,225500.0,57500.0,
214150,클래시스,KOSDAQ,건강관리장비와용품,2026-08-28,33250.0,21691,16.51,2014.0,14.04,2369.0,4.15,8009.0,68.47,77600.0,31500.0,
068760,셀트리온제약,KOSDAQ,제약,2026-08-28,42600.0,18915,44.24,963.0,,,4.2,10141.0,4.86,78300.0,37000.0,
096530,씨젠,KOSDAQ,생명과학도구및서비스,2026-08-28,35650.0,18619,20.29,1757.0,,,1.56,22802.0,18.74,36200.0,21700.0,
007390,네이처셀,KOSDAQ,생물공학,2026-08-28,25250.0,16270,,-42.0,,,25.84,977.0,7.39,38000.0,13000.0,
0009K0,에임드바이오,KOSDAQ,생물공학,2026-08-28,25100.0,16232,40.16,625.0,,,7.94,3161.0,2.31,80200.0,17390.0,
950160,코오롱티슈진,KOSDAQ,생물공학,2026-08-28,18710.0,15898,,-3467.0,,,12.61,1484.0,4.21,149000.0,11470.0,
006280,녹십자,KOSPI,제약,2026-08-28,130500.0,15251,,-4270.0,8.17,15969.0,1.2,108357.0,23.88,186100.0,105900.0,
069620,대웅제약,KOSPI,제약,2026-08-28,128800.0,14924,7.63,16871.0,8.08,15931.0,1.39,92465.0,15.18,208000.0,105000.0,
475830,오름테라퓨틱,KOSDAQ,제약,2026-08-28,66000.0,14335,,-2016.0,,,12.61,5236.0,6.11,146600.0,24950.0,
290650,엘앤씨바이오,KOSDAQ,건강관리장비와용품,2026-08-28,52900.0,14267,,-5945.0,,,4.35,12147.0,22.63,125000.0,29150.0,
039200,오스코텍,KOSDAQ,제약,2026-08-28,35800.0,13696,14.56,2459.0,,,6.34,5644.0,12.08,79600.0,27300.0,
127120,제이에스링크,KOSDAQ,생명과학도구및서비스,2026-08-28,33950.0,12438,,-165.0,,,11.4,2979.0,3.16,49900.0,13860.0,
195940,HK이노엔,KOSDAQ,제약,2026-08-28,43650.0,12366,14.41,3030.0,13.42,3253.0,0.92,47678.0,12.79,63100.0,34700.0,
003090,대웅,KOSPI,제약,2026-08-28,17990.0,10460,5.83,3086.0,,,0.6,29804.0,5.05,32400.0,15210.0,
185750,종근당,KOSPI,제약,2026-08-28,68500.0,9455,11.9,5758.0,14.45,4742.0,0.89,77070.0,16.03,98300.0,63000.0,
491000,리브스메드,KOSDAQ,건강관리장비와용품,2026-08-28,33450.0,8448,,-1025.0,,,4.78,7005.0,3.62,95900.0,29900.0,
137310,에스디바이오센서,KOSPI,건강관리장비와용품,2026-08-28,6300.0,7607,,-6006.0,,,0.31,20062.0,6.01,10950.0,5800.0,
105560,KB금융,KOSPI,은행,2026-08-28,171600.0,608644,10.85,15817.0,9.33,18392.0,1.03,167092.0,79.26,195900.0,105800.0,
055550,신한지주,KOSPI,은행,2026-08-28,109700.0,514987,10.46,10486.0,8.81,12446.0,0.88,124997.0,62.13,115800.0,63600.0,
086790,하나금융지주,KOSPI,은행,2026-08-28,136000.0,373140,9.37,14513.0,8.47,16056.0,0.81,168253.0,68.2,142500.0,80500.0,
316140,우리금융지주,KOSPI,은행,2026-08-28,33900.0,246822,8.04,4216.0,7.7,4402.0,0.65,51992.0,46.06,41900.0,23750.0,
024110,기업은행,KOSPI,은행,2026-08-28,20850.0,166263,6.27,3325.0,5.95,3504.0,0.45,46146.0,13.67,29900.0,18550.0,
323410,카카오뱅크,KOSPI,은행,2026-08-28,21850.0,104251,19.67,1111.0,17.27,1265.0,1.57,13899.0,17.63,30850.0,19110.0,
029780,삼성카드,KOSPI,카드,2026-08-28,47300.0,54801,8.87,5332.0,8.99,5262.0,0.58,82034.0,5.31,70400.0,43000.0,
175330,JB금융지주,KOSPI,은행,2026-08-28,29050.0,54185,7.79,3731.0,7.32,3969.0,0.91,31851.0,34.41,38500.0,21700.0,
138930,BNK금융지주,KOSPI,은행,2026-08-28,15120.0,46921,5.54,2731.0,5.94,2546.0,0.43,34817.0,38.02,23200.0,13650.0,
139130,iM금융지주,KOSPI,은행,2026-08-28,18120.0,28695,6.64,2727.0,6.02,3010.0,0.46,38972.0,45.37,22750.0,13050.0,
279570,케이뱅크,KOSPI,은행,2026-08-28,5700.0,23125,16.62,343.0,,,0.96,5968.0,1.76,9880.0,5210.0,
395400,SK리츠,KOSPI,,2026-08-28,5390.0,16225,84.22,64.0,,,0.83,6460.0,8.23,7200.0,4760.0,
330590,롯데리츠,KOSPI,,2026-08-28,3900.0,11270,29.55,132.0,,,1.01,3857.0,7.39,4900.0,3260.0,
138040,메리츠금융지주,KOSPI,증권,2026-08-28,122000.0,204164,9.15,13340.0,8.23,14819.0,1.88,64995.0,14.32,149800.0,98000.0,
006800,미래에셋증권,KOSPI,증권,2026-08-28,36150.0,196302,11.34,3187.0,7.26,4979.0,1.49,24209.0,11.23,88000.0,18370.0,
071050,한국금융지주,KOSPI,증권,2026-08-28,191300.0,106604,4.76,40219.0,3.83,49995.0,0.88,218546.0,36.83,304000.0,127000.0,
005940,NH투자증권,KOSPI,증권,2026-08-28,26650.0,98393,7.48,3565.0,5.9,4514.0,1.0,26593.0,13.47,44350.0,18890.0,
016360,삼성증권,KOSPI,증권,2026-08-28,88500.0,79031,6.53,13546.0,4.6,19244.0,0.97,91465.0,26.28,172000.0,67400.0,
039490,키움증권,KOSPI,증권,2026-08-28,278500.0,73046,5.6,49724.0,4.01,69526.0,1.06,263774.0,29.38,517000.0,198700.0,
001720,신영증권,KOSPI,증권,2026-08-28,154900.0,25466,14.08,11002.0,,,0.6,257456.0,6.28,296000.0,119300.0,
023590,다우기술,KOSPI,증권,2026-08-28,39450.0,17077,2.34,16838.0,,,0.44,89993.0,27.5,74500.0,32300.0,
00680K,미래에셋증권2우B,KOSPI,증권,2026-08-28,11600.0,14763,3.64,3187.0,2.33,4979.0,0.48,24209.0,23.91,24350.0,8220.0,
003540,대신증권,KOSPI,증권,2026-08-28,26950.0,12846,9.57,2816.0,4.59,5867.0,0.47,56922.0,9.86,54000.0,22750.0,
030610,교보증권,KOSPI,증권,2026-08-28,10230.0,11658,7.3,1401.0,,,0.53,19156.0,1.08,18820.0,8120.0,
032830,삼성생명,KOSPI,생명보험,2026-08-28,310000.0,620000,21.59,14356.0,19.61,15812.0,0.69,452324.0,23.21,518000.0,141100.0,
000810,삼성화재,KOSPI,손해보험,2026-08-28,687000.0,306728,16.54,41543.0,14.0,49076.0,1.21,568001.0,57.98,757000.0,358000.0,
005830,DB손해보험,KOSPI,손해보험,2026-08-28,187400.0,122748,8.27,22663.0,,,0.98,190944.0,44.26,237000.0,118100.0,
088350,한화생명,KOSPI,생명보험,2026-08-28,5950.0,51678,6.98,852.0,4.57,1302.0,0.3,19978.0,9.07,7560.0,2930.0,
001450,현대해상,KOSPI,손해보험,2026-08-28,52400.0,44670,4.45,11772.0,4.02,13025.0,0.73,71324.0,39.42,52800.0,25700.0,
085620,미래에셋생명,KOSPI,생명보험,2026-08-28,23200.0,31362,28.61,811.0,,,1.05,22038.0,0.73,37300.0,6970.0,
031210,서울보증보험,KOSPI,손해보험,2026-08-28,44450.0,31036,10.13,4390.0,,,0.62,71321.0,7.02,66300.0,39650.0,
003690,코리안리,KOSPI,손해보험,2026-08-28,14640.0,25872,6.46,2267.0,,,0.68,21488.0,26.52,17560.0,10010.0,
000815,삼성화재우,KOSPI,손해보험,2026-08-28,429000.0,12900,10.33,41543.0,8.74,49076.0,0.76,568001.0,34.25,472500.0,326000.0,
082640,동양생명,KOSPI,생명보험,2026-08-28,8250.0,12875,12.89,640.0,,,0.7,11818.0,46.84,9380.0,6040.0,
035420,NAVER,KOSPI,양방향미디어와서비스,2026-08-28,220500.0,335329,17.11,12885.0,17.58,12543.0,1.12,197363.0,35.95,308500.0,181100.0,
018260,삼성에스디에스,KOSPI,IT서비스,2026-08-28,243000.0,188028,28.98,8386.0,26.8,9066.0,1.82,133300.0,18.69,389000.0,143700.0,
035720,카카오,KOSPI,양방향미디어와서비스,2026-08-28,36850.0,163239,47.06,783.0,27.92,1320.0,1.38,26659.0,28.99,69700.0,32250.0,
307950,현대오토에버,KOSPI,IT서비스,2026-08-28,416000.0,114084,59.8,6957.0,53.62,7759.0,6.03,68995.0,1.86,1066000.0,147600.0,
259960,크래프톤,KOSPI,게임엔터테인먼트,2026-08-28,222500.0,101789,12.57,17700.0,11.05,20133.0,1.34,165959.0,43.58,337000.0,173000.0,
064400,LG씨엔에스,KOSPI,IT서비스,2026-08-28,75800.0,73440,15.25,4969.0,15.57,4867.0,2.41,31447.0,5.08,153300.0,54100.0,
377300,카카오페이,KOSPI,IT서비스,2026-08-28,47350.0,64052,72.96,649.0,47.64,994.0,3.25,14583.0,28.24,80800.0,36550.0,
036570,NC,KOSPI,게임엔터테인먼트,2026-08-28,225000.0,48474,7.85,28673.0,10.38,21684.0,1.24,181808.0,38.25,343500.0,176100.0,
022100,포스코DX,KOSPI,IT서비스,2026-08-28,21400.0,32535,101.9,210.0,,,5.76,3715.0,3.65,45600.0,16510.0,
251270,넷마블,KOSPI,게임엔터테인먼트,2026-08-28,37450.0,31143,7.98,4695.0,6.3,5945.0,0.5,74517.0,27.34,69300.0,34200.0,
181710,NHN,KOSPI,IT서비스,2026-08-28,69700.0,22829,32.82,2124.0,21.67,3216.0,1.42,48960.0,12.4,78400.0,24650.0,
263750,펄어비스,KOSDAQ,게임엔터테인먼트,2026-08-28,32500.0,20424,14.01,2320.0,6.05,5376.0,2.08,15653.0,4.7,77400.0,29450.0,
462870,시프트업,KOSPI,게임엔터테인먼트,2026-08-28,32900.0,19326,10.61,3100.0,14.07,2338.0,1.92,17091.0,36.96,43850.0,27500.0,
192080,더블유게임즈,KOSPI,게임엔터테인먼트,2026-08-28,59200.0,12535,7.04,8407.0,6.38,9285.0,0.86,68927.0,20.97,77100.0,47000.0,
009150,삼성전기,KOSPI,전자장비와기기,2026-08-28,1421000.0,1061397,109.44,12984.0,71.72,19813.0,10.49,135420.0,37.68,2417000.0,158000.0,
011070,LG이노텍,KOSPI,전자장비와기기,2026-08-28,611000.0,144606,21.81,28019.0,15.49,39445.0,2.27,269205.0,27.25,1814000.0,159800.0,
353200,대덕전자,KOSPI,전자장비와기기,2026-08-28,107600.0,53173,36.45,2952.0,24.01,4482.0,5.67,18963.0,15.52,198000.0,22500.0,
222800,심텍,KOSDAQ,전자장비와기기,2026-08-28,122800.0,46632,,-1410.0,24.27,5059.0,7.08,17355.0,11.24,164200.0,24000.0,
489790,한화비전,KOSPI,통신장비,2026-08-28,50200.0,25345,21.29,2358.0,13.25,3790.0,2.67,18819.0,23.33,97900.0,30950.0,
010170,대한광통신,KOSDAQ,통신장비,2026-08-28,14310.0,22250,,-192.0,,,19.18,746.0,4.03,31500.0,1095.0,
098460,고영,KOSDAQ,전자장비와기기,2026-08-28,28700.0,19575,72.29,397.0,33.1,867.0,5.52,5198.0,26.24,45000.0,13800.0,
140860,파크시스템스,KOSDAQ,전자장비와기기,2026-08-28,271000.0,18977,81.75,3315.0,41.25,6569.0,5.54,48895.0,39.17,351500.0,205000.0,
020150,롯데에너지머티리얼즈,KOSPI,전자장비와기기,2026-08-28,35300.0,18485,,-1556.0,-47.19,-748.0,1.07,32887.0,8.6,83100.0,21550.0,
323280,태성,KOSDAQ,전자장비와기기,2026-08-28,49450.0,15101,603.05,82.0,,,11.45,4320.0,4.11,94200.0,23000.0,
009155,삼성전기우,KOSPI,전자장비와기기,2026-08-28,507000.0,14738,39.05,12984.0,25.59,19813.0,3.74,135420.0,26.21,1008000.0,70500.0,
078600,대주전자재료,KOSDAQ,전자장비와기기,2026-08-28,91800.0,14416,141.23,650.0,,,4.99,18392.0,14.24,183300.0,58900.0,
007810,코리아써키트,KOSPI,전자장비와기기,2026-08-28,60100.0,14414,19.44,3092.0,13.91,4321.0,3.37,17816.0,5.94,148300.0,12020.0,
218410,RFHIC,KOSDAQ,통신장비,2026-08-28,46800.0,12437,37.41,1251.0,23.6,1983.0,3.32,14098.0,22.57,126900.0,24300.0,
000670,영풍,KOSPI,핸드셋,2026-08-28,41200.0,7585,7.39,5576.0,,,0.19,217111.0,16.11,82700.0,30800.0,
005930,삼성전자,KOSPI,반도체와반도체장비,2026-08-28,257000.0,15024936,11.53,22292.0,5.34,48139.0,2.99,86052.0,46.75,380000.0,67500.0,
000660,SK하이닉스,KOSPI,반도체와반도체장비,2026-08-28,1653000.0,12075039,7.37,224313.0,4.73,349566.0,4.46,370432.0,50.63,3002000.0,255000.0,
005935,삼성전자우,KOSPI,반도체와반도체장비,2026-08-28,186800.0,1498829,8.38,22292.0,3.88,48139.0,2.17,86052.0,76.24,243500.0,55100.0,
402340,SK스퀘어,KOSPI,반도체와반도체장비,2026-08-28,1028000.0,1356179,4.14,248219.0,3.14,326950.0,2.47,416096.0,46.26,2338000.0,141500.0,
042700,한미반도체,KOSPI,반도체와반도체장비,2026-08-28,219500.0,209210,94.21,2330.0,,,27.88,7874.0,7.83,426000.0,81400.0,
007660,이수페타시스,KOSPI,반도체와반도체장비,2026-08-28,112800.0,82806,41.2,2738.0,30.54,3693.0,9.64,11703.0,15.99,165000.0,57700.0,
036930,주성엔지니어링,KOSDAQ,반도체와반도체장비,2026-08-28,176800.0,82179,1148.05,154.0,,,13.65,12955.0,7.99,283000.0,26200.0,
240810,원익IPS,KOSDAQ,반도체와반도체장비,2026-08-28,111100.0,54532,31.51,3526.0,25.03,4439.0,5.04,22064.0,15.96,187800.0,37150.0,
058470,리노공업,KOSDAQ,반도체와반도체장비,2026-08-28,66800.0,50910,27.1,2465.0,26.67,2505.0,6.53,10235.0,31.56,133100.0,45000.0,
039030,이오테크닉스,KOSDAQ,반도체와반도체장비,2026-08-28,398500.0,49093,45.24,8808.0,,,6.56,60732.0,27.73,628000.0,188700.0,
403870,HPSP,KOSDAQ,반도체와반도체장비,2026-08-28,51100.0,42055,58.74,870.0,35.07,1457.0,14.18,3604.0,32.89,92000.0,25350.0,
000990,DB하이텍,KOSPI,반도체와반도체장비,2026-08-28,93900.0,40851,11.91,7886.0,,,1.67,56254.0,29.72,241000.0,43650.0,
319660,피에스케이,KOSDAQ,반도체와반도체장비,2026-08-28,128600.0,37251,29.82,4313.0,23.47,5479.0,6.06,21228.0,22.44,224000.0,22450.0,
095340,ISC,KOSDAQ,반도체와반도체장비,2026-08-28,173400.0,36756,52.69,3291.0,41.26,4203.0,6.54,26500.0,30.18,298000.0,55100.0,
440110,파두,KOSDAQ,반도체와반도체장비,2026-08-28,63300.0,31720,,-1985.0,,,49.65,1275.0,27.34,129400.0,13410.0,
084370,유진테크,KOSDAQ,반도체와반도체장비,2026-08-28,134000.0,30707,27.6,4855.0,,,5.56,24084.0,37.52,231500.0,44500.0,
095610,테스,KOSDAQ,반도체와반도체장비,2026-08-28,142700.0,27627,34.5,4136.0,25.82,5526.0,5.41,26369.0,8.68,238000.0,27950.0,
357780,솔브레인,KOSDAQ,반도체와반도체장비,2026-08-28,346500.0,26953,34.09,10164.0,16.34,21208.0,2.44,142076.0,29.7,530000.0,200000.0,
064760,티씨케이,KOSDAQ,반도체와반도체장비,2026-08-28,238500.0,26663,32.73,7287.0,24.63,9684.0,4.83,49328.0,66.52,363000.0,101300.0,
080220,제주반도체,KOSDAQ,반도체와반도체장비,2026-08-28,76700.0,26418,11.45,6698.0,,,5.78,13268.0,0.48,138000.0,14740.0,
131290,티에스이,KOSDAQ,반도체와반도체장비,2026-08-28,238500.0,26382,25.21,9461.0,18.41,12955.0,5.57,42844.0,11.03,294000.0,36150.0,
031980,피에스케이홀딩스,KOSDAQ,반도체와반도체장비,2026-08-28,120100.0,25896,25.12,4782.0,18.69,6426.0,4.82,24922.0,5.49,173000.0,32500.0,
067310,하나마이크론,KOSDAQ,반도체와반도체장비,2026-08-28,35350.0,23505,13.71,2578.0,10.69,3306.0,4.25,8311.0,19.67,58500.0,13230.0,
005290,동진쎄미켐,KOSDAQ,반도체와반도체장비,2026-08-28,42400.0,21611,10.41,4073.0,,,1.76,24040.0,12.66,72200.0,27950.0,
089030,테크윙,KOSDAQ,반도체와반도체장비,2026-08-28,49900.0,18490,405.69,123.0,,,8.73,5714.0,16.94,74000.0,30300.0,
131970,두산테스나,KOSDAQ,반도체와반도체장비,2026-08-28,81700.0,15790,46.13,1771.0,44.79,1824.0,3.49,23439.0,12.36,196900.0,33700.0,
089970,브이엠,KOSDAQ,반도체와반도체장비,2026-08-28,58000.0,15270,22.8,2544.0,19.02,3049.0,5.94,9772.0,14.31,122100.0,11700.0,
030530,원익홀딩스,KOSDAQ,반도체와반도체장비,2026-08-28,19080.0,14737,26.72,714.0,,,1.42,13471.0,5.81,50600.0,8220.0,
420770,기가비스,KOSDAQ,반도체와반도체장비,2026-08-28,109800.0,13918,66.34,1655.0,50.83,2160.0,6.71,16371.0,5.97,206000.0,24600.0,
281820,케이씨텍,KOSPI,반도체와반도체장비,2026-08-28,66700.0,13206,15.66,4260.0,,,2.29,29107.0,12.33,124800.0,30850.0,
166090,하나머티리얼즈,KOSDAQ,반도체와반도체장비,2026-08-28,52600.0,10403,16.2,3246.0,13.27,3964.0,1.65,31788.0,21.05,88600.0,25700.0,
373220,LG에너지솔루션,KOSPI,전기제품,2026-08-28,370000.0,865800,,-7193.0,-225.2,-1643.0,3.88,95479.0,5.5,527000.0,290500.0,
006400,삼성SDI,KOSPI,전기제품,2026-08-28,571000.0,460143,1246.72,458.0,67.47,8463.0,1.85,308778.0,26.48,820000.0,196800.0,
066570,LG전자,KOSPI,전자제품,2026-08-28,201500.0,328213,34.88,5777.0,15.88,12686.0,1.35,149377.0,29.5,467500.0,71900.0,
247540,에코프로비엠,KOSDAQ,전기제품,2026-08-28,118200.0,115636,264.43,447.0,815.17,145.0,6.44,18351.0,14.86,260000.0,88200.0,
066970,엘앤에프,KOSPI,전기제품,2026-08-28,134800.0,54843,,-8250.0,-76.42,-1764.0,6.85,19673.0,18.32,225000.0,59200.0,
450080,에코프로머티,KOSPI,전기제품,2026-08-28,38450.0,27228,40.52,949.0,,,2.52,15284.0,14.22,88800.0,27100.0,
058610,에스피지,KOSDAQ,전기제품,2026-08-28,92700.0,20558,217.1,427.0,128.22,723.0,7.7,12038.0,4.2,165700.0,25200.0,
361610,SK아이이테크놀로지,KOSPI,전기제품,2026-08-28,16680.0,13642,,-19576.0,-1.52,-10975.0,1.06,15747.0,5.79,36950.0,11840.0,
066575,LG전자우,KOSPI,전자제품,2026-08-28,73100.0,12560,12.65,5777.0,5.76,12686.0,0.49,149377.0,43.43,138400.0,35850.0,
082920,비츠로셀,KOSDAQ,전기제품,2026-08-28,27750.0,12526,17.64,1573.0,,,3.48,7983.0,28.29,67800.0,16420.0,
043260,성호전자,KOSDAQ,전기제품,2026-08-28,15740.0,11558,3.09,5089.0,,,1.92,8204.0,2.82,59600.0,1021.0,
034220,LG디스플레이,KOSPI,디스플레이패널,2026-08-28,9620.0,48100,,-2704.0,155.16,62.0,0.76,12602.0,29.24,17950.0,8120.0,
017670,SK텔레콤,KOSPI,무선통신서비스,2026-08-28,98600.0,211783,28.33,3480.0,15.79,6246.0,1.36,72456.0,70.28,140300.0,51400.0,
030200,KT,KOSPI,다각화된통신서비스,2026-08-28,54500.0,137352,10.6,5141.0,9.54,5711.0,0.7,77912.0,100.0,70400.0,36500.0,
032640,LG유플러스,KOSPI,무선통신서비스,2026-08-28,15020.0,63749,12.05,1246.0,8.69,1729.0,0.7,21372.0,84.68,18850.0,13520.0,
015760,한국전력,KOSPI,전기유틸리티,2026-08-28,32550.0,208959,2.67,12213.0,5.06,6433.0,0.41,78939.0,52.87,69900.0,30400.0,
052690,한전기술,KOSPI,전기유틸리티,2026-08-28,122400.0,46781,130.07,941.0,80.85,1514.0,7.86,15580.0,13.42,198000.0,77100.0,
036460,한국가스공사,KOSPI,가스유틸리티,2026-08-28,37100.0,34248,6.03,6152.0,2.94,12612.0,0.28,134750.0,42.69,46500.0,31150.0,
018670,SK가스,KOSPI,가스유틸리티,2026-08-28,230000.0,21319,6.9,33341.0,,,0.55,420856.0,5.83,319500.0,196100.0,
051600,한전KPS,KOSPI,전기유틸리티,2026-08-28,47050.0,21173,16.31,2885.0,14.17,3321.0,1.57,29928.0,8.52,70200.0,41450.0,
071320,지역난방공사,KOSPI,복합유틸리티,2026-08-28,74800.0,8661,2.45,30546.0,2.66,28123.0,0.35,212125.0,3.12,120000.0,54700.0,
