code,name,market,wi26,dir,wics,source,k200,prev_dir
034730,SK,KOSPI,에너지,01_에너지,석유와가스,PG sector_map(wi26),1,01_에너지
096770,SK이노베이션,KOSPI,에너지,01_에너지,석유와가스,PG sector_map(wi26),1,01_에너지
010950,S-Oil,KOSPI,에너지,01_에너지,석유와가스,PG sector_map(wi26),1,01_에너지
078930,GS,KOSPI,에너지,01_에너지,석유와가스,PG sector_map(wi26),1,01_에너지
009830,한화솔루션,KOSPI,에너지,01_에너지,에너지장비및서비스,PG sector_map(wi26),1,01_에너지
336260,두산퓨얼셀,KOSPI,에너지,01_에너지,에너지장비및서비스,PG sector_map(wi26),,01_에너지
112610,씨에스윈드,KOSPI,에너지,01_에너지,에너지장비및서비스,PG sector_map(wi26),1,01_에너지
083650,비에이치아이,KOSDAQ,에너지,01_에너지,에너지장비및서비스,PG sector_map(wi26),,01_에너지
475150,SK이터닉스,KOSPI,에너지,01_에너지,에너지장비및서비스,PG sector_map(wi26),,01_에너지
322000,HD현대에너지솔루션,KOSPI,에너지,01_에너지,에너지장비및서비스,PG sector_map(wi26),,01_에너지
051910,LG화학,KOSPI,화학,02_화학,화학,PG sector_map(wi26),1,02_화학
003670,포스코퓨처엠,KOSPI,화학,02_화학,화학,PG sector_map(wi26),1,02_화학
086520,에코프로,KOSDAQ,화학,02_화학,화학,PG sector_map(wi26),,02_화학
010060,OCI홀딩스,KOSPI,화학,02_화학,화학,PG sector_map(wi26),1,02_화학
011790,SKC,KOSPI,화학,02_화학,화학,PG sector_map(wi26),1,02_화학
011780,금호석유화학,KOSPI,화학,02_화학,화학,PG sector_map(wi26),1,02_화학
011170,롯데케미칼,KOSPI,화학,02_화학,화학,PG sector_map(wi26),1,02_화학
014680,한솔케미칼,KOSPI,화학,02_화학,화학,PG sector_map(wi26),1,02_화학
457190,이수스페셜티케미컬,KOSPI,화학,02_화학,화학,PG sector_map(wi26),1,02_화학
120110,코오롱인더,KOSPI,화학,02_화학,화학,PG sector_map(wi26),1,02_화학
093370,후성,KOSPI,화학,02_화학,화학,PG sector_map(wi26),1,02_화학
005070,코스모신소재,KOSPI,화학,02_화학,화학,PG sector_map(wi26),,02_화학
004000,롯데정밀화학,KOSPI,화학,02_화학,화학,PG sector_map(wi26),1,02_화학
000210,DL,KOSPI,화학,02_화학,화학,PG sector_map(wi26),1,
003240,태광산업,KOSPI,화학,02_화학,화학,PG sector_map(wi26),1,
285130,SK케미칼,KOSPI,화학,02_화학,화학,PG sector_map(wi26),1,
298050,HS효성첨단소재,KOSPI,화학,02_화학,화학,PG sector_map(wi26),1,
456040,OCI,KOSPI,화학,02_화학,화학,PG sector_map(wi26),1,
069260,TKG휴켐스,KOSPI,화학,02_화학,화학,PG sector_map(wi26),1,
268280,미원에스씨,KOSPI,화학,02_화학,화학,PG sector_map(wi26),1,
002840,미원상사,KOSPI,화학,02_화학,화학,PG sector_map(wi26),1,
006650,대한유화,KOSPI,화학,02_화학,화학,PG sector_map(wi26),1,
005420,코스모화학,KOSPI,화학,02_화학,화학,PG sector_map(wi26),1,
010130,고려아연,KOSPI,"비철,목재등",03_비철목재등,비철금속,PG sector_map(wi26),1,03_비철목재등
103140,풍산,KOSPI,"비철,목재등",03_비철목재등,비철금속,PG sector_map(wi26),1,03_비철목재등
014820,동원시스템즈,KOSPI,"비철,목재등",03_비철목재등,포장재,PG sector_map(wi26),1,
008730,율촌화학,KOSPI,"비철,목재등",03_비철목재등,포장재,PG sector_map(wi26),1,
005490,POSCO홀딩스,KOSPI,철강,04_철강,철강,PG sector_map(wi26),1,04_철강
004020,현대제철,KOSPI,철강,04_철강,철강,PG sector_map(wi26),1,04_철강
001430,세아베스틸지주,KOSPI,철강,04_철강,철강,PG sector_map(wi26),1,04_철강
003030,세아제강지주,KOSPI,철강,04_철강,철강,PG sector_map(wi26),1,
000720,현대건설,KOSPI,"건설,건축관련",05_건설건축관련,건설,PG sector_map(wi26),1,05_건설건축관련
028050,삼성E&A,KOSPI,"건설,건축관련",05_건설건축관련,건설,PG sector_map(wi26),1,05_건설건축관련
047040,대우건설,KOSPI,"건설,건축관련",05_건설건축관련,건설,PG sector_map(wi26),1,05_건설건축관련
002380,KCC,KOSPI,"건설,건축관련",05_건설건축관련,건축자재,PG sector_map(wi26),1,05_건설건축관련
006360,GS건설,KOSPI,"건설,건축관련",05_건설건축관련,건설,PG sector_map(wi26),,05_건설건축관련
375500,DL이앤씨,KOSPI,"건설,건축관련",05_건설건축관련,건설,PG sector_map(wi26),1,05_건설건축관련
060370,LS마린솔루션,KOSDAQ,"건설,건축관련",05_건설건축관련,건설,PG sector_map(wi26),,05_건설건축관련
097230,HJ중공업,KOSPI,"건설,건축관련",05_건설건축관련,건설,PG sector_map(wi26),,05_건설건축관련
294870,IPARK현대산업개발,KOSPI,"건설,건축관련",05_건설건축관련,건설,PG sector_map(wi26),,05_건설건축관련
012630,HDC,KOSPI,"건설,건축관련",05_건설건축관련,건설,PG sector_map(wi26),,05_건설건축관련
300720,한일시멘트,KOSPI,"건설,건축관련",05_건설건축관련,건축자재,PG sector_map(wi26),1,
009240,한샘,KOSPI,"건설,건축관련",05_건설건축관련,가구,PG sector_map(wi26),1,
002030,아세아,KOSPI,"건설,건축관련",05_건설건축관련,건축자재,PG sector_map(wi26),1,
034020,두산에너빌리티,KOSPI,기계,06_기계,기계,PG sector_map(wi26),1,06_기계
010120,LS ELECTRIC,KOSPI,기계,06_기계,전기장비,PG sector_map(wi26),1,06_기계
298040,효성중공업,KOSPI,기계,06_기계,전기장비,PG sector_map(wi26),1,06_기계
267260,HD현대일렉트릭,KOSPI,기계,06_기계,전기장비,PG sector_map(wi26),1,06_기계
006260,LS,KOSPI,기계,06_기계,전기장비,PG sector_map(wi26),1,06_기계
277810,레인보우로보틱스,KOSDAQ,기계,06_기계,기계,PG sector_map(wi26),,06_기계
267270,HD건설기계,KOSPI,기계,06_기계,기계,PG sector_map(wi26),1,06_기계
062040,산일전기,KOSPI,기계,06_기계,전기장비,PG sector_map(wi26),1,06_기계
000500,가온전선,KOSPI,기계,06_기계,전기장비,PG sector_map(wi26),,06_기계
241560,두산밥캣,KOSPI,기계,06_기계,기계,PG sector_map(wi26),1,06_기계
001440,대한전선,KOSPI,기계,06_기계,전기장비,PG sector_map(wi26),1,06_기계
454910,두산로보틱스,KOSPI,기계,06_기계,기계,PG sector_map(wi26),1,06_기계
108490,로보티즈,KOSDAQ,기계,06_기계,기계,PG sector_map(wi26),,06_기계
103590,일진전기,KOSPI,기계,06_기계,전기장비,PG sector_map(wi26),,06_기계
017800,현대엘리베이터,KOSPI,기계,06_기계,기계,PG sector_map(wi26),1,06_기계
319400,현대무벡스,KOSDAQ,기계,06_기계,기계,PG sector_map(wi26),,06_기계
178320,서진시스템,KOSDAQ,기계,06_기계,전기장비,PG sector_map(wi26),,06_기계
229640,LS에코에너지,KOSPI,기계,06_기계,전기장비,PG sector_map(wi26),,06_기계
006340,대원전선,KOSPI,기계,06_기계,전기장비,PG sector_map(wi26),,06_기계
329180,HD현대중공업,KOSPI,조선,07_조선,조선,PG sector_map(wi26),1,07_조선
042660,한화오션,KOSPI,조선,07_조선,조선,PG sector_map(wi26),1,07_조선
009540,HD한국조선해양,KOSPI,조선,07_조선,조선,PG sector_map(wi26),1,07_조선
010140,삼성중공업,KOSPI,조선,07_조선,조선,PG sector_map(wi26),1,07_조선
267250,HD현대,KOSPI,조선,07_조선,조선,PG sector_map(wi26),1,07_조선
443060,HD현대마린솔루션,KOSPI,조선,07_조선,조선,PG sector_map(wi26),1,07_조선
082740,한화엔진,KOSPI,조선,07_조선,조선,PG sector_map(wi26),1,07_조선
439260,대한조선,KOSPI,조선,07_조선,조선,PG sector_map(wi26),,07_조선
071970,HD현대마린엔진,KOSPI,조선,07_조선,조선,PG sector_map(wi26),1,07_조선
017960,한국카본,KOSPI,조선,07_조선,조선,PG sector_map(wi26),1,07_조선
077970,STX엔진,KOSPI,조선,07_조선,조선,PG sector_map(wi26),,07_조선
028260,삼성물산,KOSPI,"상사,자본재",08_상사자본재,복합기업,PG sector_map(wi26),1,08_상사자본재
012450,한화에어로스페이스,KOSPI,"상사,자본재",08_상사자본재,우주항공과국방,PG sector_map(wi26),1,06_기계
000150,두산,KOSPI,"상사,자본재",08_상사자본재,복합기업,PG sector_map(wi26),1,08_상사자본재
003550,LG,KOSPI,"상사,자본재",08_상사자본재,복합기업,PG sector_map(wi26),1,08_상사자본재
079550,LIG디펜스앤에어로스페이스,KOSPI,"상사,자본재",08_상사자본재,우주항공과국방,PG sector_map(wi26),1,06_기계
064350,현대로템,KOSPI,"상사,자본재",08_상사자본재,우주항공과국방,PG sector_map(wi26),1,06_기계
272210,한화시스템,KOSPI,"상사,자본재",08_상사자본재,우주항공과국방,PG sector_map(wi26),1,06_기계
047810,한국항공우주,KOSPI,"상사,자본재",08_상사자본재,우주항공과국방,PG sector_map(wi26),1,06_기계
047050,포스코인터내셔널,KOSPI,"상사,자본재",08_상사자본재,무역회사와판매업체,PG sector_map(wi26),1,08_상사자본재
000880,한화,KOSPI,"상사,자본재",08_상사자본재,복합기업,PG sector_map(wi26),1,08_상사자본재
001040,CJ,KOSPI,"상사,자본재",08_상사자본재,복합기업,PG sector_map(wi26),1,08_상사자본재
012750,에스원,KOSPI,"상사,자본재",08_상사자본재,상업서비스와공급품,PG sector_map(wi26),1,08_상사자본재
004800,효성,KOSPI,"상사,자본재",08_상사자본재,복합기업,PG sector_map(wi26),,08_상사자본재
004990,롯데지주,KOSPI,"상사,자본재",08_상사자본재,복합기업,PG sector_map(wi26),1,08_상사자본재
005440,현대지에프홀딩스,KOSPI,"상사,자본재",08_상사자본재,복합기업,PG sector_map(wi26),,08_상사자본재
032820,우리기술,KOSDAQ,"상사,자본재",08_상사자본재,우주항공과국방,PG sector_map(wi26),,06_기계
000155,두산우,KOSPI,"상사,자본재",08_상사자본재,복합기업,WICS '복합기업' → WI26 다수결,,08_상사자본재
298020,효성티앤씨,KOSPI,"상사,자본재",08_상사자본재,무역회사와판매업체,PG sector_map(wi26),1,08_상사자본재
001120,LX인터내셔널,KOSPI,"상사,자본재",08_상사자본재,무역회사와판매업체,PG sector_map(wi26),,08_상사자본재
001740,SK네트웍스,KOSPI,"상사,자본재",08_상사자본재,복합기업,PG sector_map(wi26),,08_상사자본재
347700,스피어,KOSDAQ,"상사,자본재",08_상사자본재,우주항공과국방,PG sector_map(wi26),,06_기계
0220W0,한화머시너리앤서비스홀딩스,KOSPI,"상사,자본재",08_상사자본재,복합기업,WICS '복합기업' → WI26 다수결,1,
011200,HMM,KOSPI,운송,09_운송,해운사,PG sector_map(wi26),1,09_운송
086280,현대글로비스,KOSPI,운송,09_운송,항공화물운송과물류,PG sector_map(wi26),1,09_운송
003490,대한항공,KOSPI,운송,09_운송,항공사,PG sector_map(wi26),1,09_운송
180640,한진칼,KOSPI,운송,09_운송,항공사,PG sector_map(wi26),1,09_운송
088980,맥쿼리인프라,KOSPI,운송,09_운송,운송인프라,PG sector_map(wi26),,
028670,팬오션,KOSPI,운송,09_운송,해운사,PG sector_map(wi26),1,09_운송
089860,롯데렌탈,KOSPI,운송,09_운송,도로와철도운송,PG sector_map(wi26),,09_운송
000120,CJ대한통운,KOSPI,운송,09_운송,항공화물운송과물류,PG sector_map(wi26),1,09_운송
020560,아시아나항공,KOSPI,운송,09_운송,항공사,PG sector_map(wi26),,09_운송
415640,KB발해인프라,KOSPI,운송,09_운송,운송인프라,PG sector_map(wi26),,
005380,현대차,KOSPI,자동차,10_자동차,자동차,PG sector_map(wi26),1,10_자동차
000270,기아,KOSPI,자동차,10_자동차,자동차,PG sector_map(wi26),1,10_자동차
012330,현대모비스,KOSPI,자동차,10_자동차,자동차부품,PG sector_map(wi26),1,10_자동차
161390,한국타이어앤테크놀로지,KOSPI,자동차,10_자동차,자동차부품,PG sector_map(wi26),1,10_자동차
005387,현대차2우B,KOSPI,자동차,10_자동차,자동차,WICS '자동차' → WI26 다수결,,10_자동차
005385,현대차우,KOSPI,자동차,10_자동차,자동차,WICS '자동차' → WI26 다수결,,10_자동차
018880,한온시스템,KOSPI,자동차,10_자동차,자동차부품,PG sector_map(wi26),1,10_자동차
007340,DN오토모티브,KOSPI,자동차,10_자동차,자동차부품,PG sector_map(wi26),1,10_자동차
005850,에스엘,KOSPI,자동차,10_자동차,자동차부품,PG sector_map(wi26),1,10_자동차
204320,HL만도,KOSPI,자동차,10_자동차,자동차부품,PG sector_map(wi26),1,10_자동차
000240,한국앤컴퍼니,KOSPI,자동차,10_자동차,자동차부품,PG sector_map(wi26),1,10_자동차
073240,금호타이어,KOSPI,자동차,10_자동차,자동차부품,PG sector_map(wi26),1,10_자동차
011210,현대위아,KOSPI,자동차,10_자동차,자동차부품,PG sector_map(wi26),1,10_자동차
437730,삼현,KOSDAQ,자동차,10_자동차,자동차부품,PG sector_map(wi26),,10_자동차
278470,에이피알,KOSPI,"화장품,의류,완구",11_화장품의류완구,화장품,PG sector_map(wi26),1,11_화장품의류완구
090430,아모레퍼시픽,KOSPI,"화장품,의류,완구",11_화장품의류완구,화장품,PG sector_map(wi26),1,11_화장품의류완구
021240,코웨이,KOSPI,"화장품,의류,완구",11_화장품의류완구,가정용기기와용품,PG sector_map(wi26),1,15_필수소비재
051900,LG생활건강,KOSPI,"화장품,의류,완구",11_화장품의류완구,화장품,PG sector_map(wi26),1,11_화장품의류완구
161890,한국콜마,KOSPI,"화장품,의류,완구",11_화장품의류완구,화장품,PG sector_map(wi26),1,11_화장품의류완구
192820,코스맥스,KOSPI,"화장품,의류,완구",11_화장품의류완구,화장품,PG sector_map(wi26),1,11_화장품의류완구
111770,영원무역,KOSPI,"화장품,의류,완구",11_화장품의류완구,"섬유,의류,신발,호화품",PG sector_map(wi26),1,11_화장품의류완구
483650,달바글로벌,KOSPI,"화장품,의류,완구",11_화장품의류완구,화장품,PG sector_map(wi26),1,11_화장품의류완구
383220,F&F,KOSPI,"화장품,의류,완구",11_화장품의류완구,"섬유,의류,신발,호화품",PG sector_map(wi26),1,11_화장품의류완구
009970,영원무역홀딩스,KOSPI,"화장품,의류,완구",11_화장품의류완구,"섬유,의류,신발,호화품",PG sector_map(wi26),1,11_화장품의류완구
081660,미스토홀딩스,KOSPI,"화장품,의류,완구",11_화장품의류완구,"섬유,의류,신발,호화품",PG sector_map(wi26),1,11_화장품의류완구
002790,아모레퍼시픽홀딩스,KOSPI,"화장품,의류,완구",11_화장품의류완구,화장품,PG sector_map(wi26),1,11_화장품의류완구
241710,코스메카코리아,KOSDAQ,"화장품,의류,완구",11_화장품의류완구,화장품,PG sector_map(wi26),,11_화장품의류완구
035250,강원랜드,KOSPI,"호텔,레저서비스",12_호텔레저서비스,"호텔,레스토랑,레저",PG sector_map(wi26),1,12_호텔레저서비스
034230,파라다이스,KOSPI,"호텔,레저서비스",12_호텔레저서비스,"호텔,레스토랑,레저",PG sector_map(wi26),1,
352820,하이브,KOSPI,"미디어,교육",13_미디어교육,방송과엔터테인먼트,PG sector_map(wi26),1,13_미디어교육
030000,제일기획,KOSPI,"미디어,교육",13_미디어교육,광고,PG sector_map(wi26),1,13_미디어교육
041510,에스엠,KOSDAQ,"미디어,교육",13_미디어교육,방송과엔터테인먼트,PG sector_map(wi26),,13_미디어교육
035900,JYP Ent.,KOSDAQ,"미디어,교육",13_미디어교육,방송과엔터테인먼트,PG sector_map(wi26),,13_미디어교육
004170,신세계,KOSPI,소매(유통),14_소매유통,백화점과일반상점,PG sector_map(wi26),1,14_소매유통
257720,실리콘투,KOSDAQ,소매(유통),14_소매유통,인터넷과카탈로그소매,PG sector_map(wi26),,14_소매유통
023530,롯데쇼핑,KOSPI,소매(유통),14_소매유통,백화점과일반상점,PG sector_map(wi26),1,14_소매유통
282330,BGF리테일,KOSPI,소매(유통),14_소매유통,백화점과일반상점,PG sector_map(wi26),1,14_소매유통
007070,GS리테일,KOSPI,소매(유통),14_소매유통,백화점과일반상점,PG sector_map(wi26),1,14_소매유통
139480,이마트,KOSPI,소매(유통),14_소매유통,백화점과일반상점,PG sector_map(wi26),1,14_소매유통
069960,현대백화점,KOSPI,소매(유통),14_소매유통,백화점과일반상점,PG sector_map(wi26),1,14_소매유통
008770,호텔신라,KOSPI,소매(유통),14_소매유통,백화점과일반상점,PG sector_map(wi26),1,14_소매유통
033780,KT&G,KOSPI,필수소비재,15_필수소비재,담배,PG sector_map(wi26),1,15_필수소비재
003230,삼양식품,KOSPI,필수소비재,15_필수소비재,식품,PG sector_map(wi26),1,15_필수소비재
271560,오리온,KOSPI,필수소비재,15_필수소비재,식품,PG sector_map(wi26),1,15_필수소비재
097950,CJ제일제당,KOSPI,필수소비재,15_필수소비재,식품,PG sector_map(wi26),1,15_필수소비재
004370,농심,KOSPI,필수소비재,15_필수소비재,식품,PG sector_map(wi26),1,15_필수소비재
026960,동서,KOSPI,필수소비재,15_필수소비재,식품,PG sector_map(wi26),1,15_필수소비재
140410,메지온,KOSDAQ,필수소비재,15_필수소비재,식품,PG sector_map(wi26),,15_필수소비재
006040,동원산업,KOSPI,필수소비재,15_필수소비재,식품,PG sector_map(wi26),1,15_필수소비재
001800,오리온홀딩스,KOSPI,필수소비재,15_필수소비재,식품,PG sector_map(wi26),1,15_필수소비재
007310,오뚜기,KOSPI,필수소비재,15_필수소비재,식품,PG sector_map(wi26),1,15_필수소비재
280360,롯데웰푸드,KOSPI,필수소비재,15_필수소비재,식품,PG sector_map(wi26),1,15_필수소비재
003380,하림지주,KOSDAQ,필수소비재,15_필수소비재,식품,PG sector_map(wi26),,15_필수소비재
000080,하이트진로,KOSPI,필수소비재,15_필수소비재,음료,PG sector_map(wi26),1,
005300,롯데칠성,KOSPI,필수소비재,15_필수소비재,음료,PG sector_map(wi26),1,
001680,대상,KOSPI,필수소비재,15_필수소비재,식품,PG sector_map(wi26),1,
207940,삼성바이오로직스,KOSPI,건강관리,16_건강관리,제약,PG sector_map(wi26),1,16_건강관리
068270,셀트리온,KOSPI,건강관리,16_건강관리,제약,PG sector_map(wi26),1,16_건강관리
196170,알테오젠,KOSDAQ,건강관리,16_건강관리,생물공학,PG sector_map(wi26),,16_건강관리
0126Z0,삼성에피스홀딩스,KOSPI,건강관리,16_건강관리,제약,PG sector_map(wi26),1,16_건강관리
326030,SK바이오팜,KOSPI,건강관리,16_건강관리,제약,PG sector_map(wi26),1,16_건강관리
128940,한미약품,KOSPI,건강관리,16_건강관리,제약,PG sector_map(wi26),1,16_건강관리
000100,유한양행,KOSPI,건강관리,16_건강관리,제약,PG sector_map(wi26),1,16_건강관리
028300,HLB,KOSDAQ,건강관리,16_건강관리,건강관리장비와용품,PG sector_map(wi26),,16_건강관리
214450,파마리서치,KOSDAQ,건강관리,16_건강관리,건강관리장비와용품,PG sector_map(wi26),,16_건강관리
087010,펩트론,KOSDAQ,건강관리,16_건강관리,생물공학,PG sector_map(wi26),,16_건강관리
298380,에이비엘바이오,KOSDAQ,건강관리,16_건강관리,생물공학,PG sector_map(wi26),,16_건강관리
000250,삼천당제약,KOSDAQ,건강관리,16_건강관리,제약,PG sector_map(wi26),,16_건강관리
141080,리가켐바이오,KOSDAQ,건강관리,16_건강관리,제약,PG sector_map(wi26),,16_건강관리
009420,한올바이오파마,KOSPI,건강관리,16_건강관리,제약,PG sector_map(wi26),1,16_건강관리
145020,휴젤,KOSDAQ,건강관리,16_건강관리,생물공학,PG sector_map(wi26),,16_건강관리
310210,보로노이,KOSDAQ,건강관리,16_건강관리,제약,PG sector_map(wi26),,16_건강관리
302440,SK바이오사이언스,KOSPI,건강관리,16_건강관리,제약,PG sector_map(wi26),1,16_건강관리
008930,한미사이언스,KOSPI,건강관리,16_건강관리,제약,PG sector_map(wi26),1,16_건강관리
214370,케어젠,KOSDAQ,건강관리,16_건강관리,건강관리업체및서비스,PG sector_map(wi26),,16_건강관리
347850,디앤디파마텍,KOSDAQ,건강관리,16_건강관리,생물공학,PG sector_map(wi26),,16_건강관리
237690,에스티팜,KOSDAQ,건강관리,16_건강관리,제약,PG sector_map(wi26),,16_건강관리
226950,올릭스,KOSDAQ,건강관리,16_건강관리,생명과학도구및서비스,PG sector_map(wi26),,16_건강관리
214150,클래시스,KOSDAQ,건강관리,16_건강관리,건강관리장비와용품,PG sector_map(wi26),,16_건강관리
068760,셀트리온제약,KOSDAQ,건강관리,16_건강관리,제약,PG sector_map(wi26),,16_건강관리
096530,씨젠,KOSDAQ,건강관리,16_건강관리,생명과학도구및서비스,PG sector_map(wi26),,16_건강관리
007390,네이처셀,KOSDAQ,건강관리,16_건강관리,생물공학,PG sector_map(wi26),,16_건강관리
0009K0,에임드바이오,KOSDAQ,건강관리,16_건강관리,생물공학,PG sector_map(wi26),,16_건강관리
950160,코오롱티슈진,KOSDAQ,건강관리,16_건강관리,생물공학,PG sector_map(wi26),,16_건강관리
006280,녹십자,KOSPI,건강관리,16_건강관리,제약,PG sector_map(wi26),1,16_건강관리
069620,대웅제약,KOSPI,건강관리,16_건강관리,제약,PG sector_map(wi26),1,16_건강관리
475830,오름테라퓨틱,KOSDAQ,건강관리,16_건강관리,제약,PG sector_map(wi26),,16_건강관리
290650,엘앤씨바이오,KOSDAQ,건강관리,16_건강관리,건강관리장비와용품,PG sector_map(wi26),,16_건강관리
039200,오스코텍,KOSDAQ,건강관리,16_건강관리,제약,PG sector_map(wi26),,16_건강관리
127120,제이에스링크,KOSDAQ,건강관리,16_건강관리,생명과학도구및서비스,PG sector_map(wi26),,16_건강관리
195940,HK이노엔,KOSDAQ,건강관리,16_건강관리,제약,PG sector_map(wi26),,16_건강관리
003090,대웅,KOSPI,건강관리,16_건강관리,제약,PG sector_map(wi26),1,
185750,종근당,KOSPI,건강관리,16_건강관리,제약,PG sector_map(wi26),1,
491000,리브스메드,KOSDAQ,건강관리,16_건강관리,건강관리장비와용품,PG sector_map(wi26),,16_건강관리
137310,에스디바이오센서,KOSPI,건강관리,16_건강관리,건강관리장비와용품,PG sector_map(wi26),1,
105560,KB금융,KOSPI,은행,17_은행,은행,PG sector_map(wi26),1,17_은행
055550,신한지주,KOSPI,은행,17_은행,은행,PG sector_map(wi26),1,17_은행
086790,하나금융지주,KOSPI,은행,17_은행,은행,PG sector_map(wi26),1,17_은행
316140,우리금융지주,KOSPI,은행,17_은행,은행,PG sector_map(wi26),1,17_은행
024110,기업은행,KOSPI,은행,17_은행,은행,PG sector_map(wi26),1,17_은행
323410,카카오뱅크,KOSPI,은행,17_은행,은행,PG sector_map(wi26),1,17_은행
029780,삼성카드,KOSPI,은행,17_은행,카드,PG sector_map(wi26),1,17_은행
175330,JB금융지주,KOSPI,은행,17_은행,은행,PG sector_map(wi26),1,17_은행
138930,BNK금융지주,KOSPI,은행,17_은행,은행,PG sector_map(wi26),1,17_은행
139130,iM금융지주,KOSPI,은행,17_은행,은행,PG sector_map(wi26),1,17_은행
279570,케이뱅크,KOSPI,은행,17_은행,은행,PG sector_map(wi26),,17_은행
395400,SK리츠,KOSPI,은행,17_은행,부동산,PG sector_map(wi26),,
330590,롯데리츠,KOSPI,은행,17_은행,부동산,PG sector_map(wi26),,
138040,메리츠금융지주,KOSPI,증권,18_증권,증권,PG sector_map(wi26),1,18_증권
006800,미래에셋증권,KOSPI,증권,18_증권,증권,PG sector_map(wi26),1,18_증권
071050,한국금융지주,KOSPI,증권,18_증권,증권,PG sector_map(wi26),1,18_증권
005940,NH투자증권,KOSPI,증권,18_증권,증권,PG sector_map(wi26),1,18_증권
016360,삼성증권,KOSPI,증권,18_증권,증권,PG sector_map(wi26),1,18_증권
039490,키움증권,KOSPI,증권,18_증권,증권,PG sector_map(wi26),1,18_증권
001720,신영증권,KOSPI,증권,18_증권,증권,PG sector_map(wi26),,18_증권
023590,다우기술,KOSPI,증권,18_증권,증권,PG sector_map(wi26),,18_증권
00680K,미래에셋증권2우B,KOSPI,증권,18_증권,증권,WICS '증권' → WI26 다수결,,18_증권
003540,대신증권,KOSPI,증권,18_증권,증권,PG sector_map(wi26),,18_증권
030610,교보증권,KOSPI,증권,18_증권,증권,PG sector_map(wi26),,18_증권
032830,삼성생명,KOSPI,보험,19_보험,생명보험,PG sector_map(wi26),1,19_보험
000810,삼성화재,KOSPI,보험,19_보험,손해보험,PG sector_map(wi26),1,19_보험
005830,DB손해보험,KOSPI,보험,19_보험,손해보험,PG sector_map(wi26),1,19_보험
088350,한화생명,KOSPI,보험,19_보험,생명보험,PG sector_map(wi26),1,19_보험
001450,현대해상,KOSPI,보험,19_보험,손해보험,PG sector_map(wi26),1,19_보험
085620,미래에셋생명,KOSPI,보험,19_보험,생명보험,PG sector_map(wi26),,19_보험
031210,서울보증보험,KOSPI,보험,19_보험,손해보험,PG sector_map(wi26),,19_보험
003690,코리안리,KOSPI,보험,19_보험,손해보험,PG sector_map(wi26),,19_보험
000815,삼성화재우,KOSPI,보험,19_보험,손해보험,WICS '손해보험' → WI26 다수결,,19_보험
082640,동양생명,KOSPI,보험,19_보험,생명보험,PG sector_map(wi26),,19_보험
035420,NAVER,KOSPI,소프트웨어,20_소프트웨어,양방향미디어와서비스,PG sector_map(wi26),1,20_소프트웨어
018260,삼성에스디에스,KOSPI,소프트웨어,20_소프트웨어,IT서비스,PG sector_map(wi26),1,20_소프트웨어
035720,카카오,KOSPI,소프트웨어,20_소프트웨어,양방향미디어와서비스,PG sector_map(wi26),1,20_소프트웨어
307950,현대오토에버,KOSPI,소프트웨어,20_소프트웨어,IT서비스,PG sector_map(wi26),1,20_소프트웨어
259960,크래프톤,KOSPI,소프트웨어,20_소프트웨어,게임엔터테인먼트,PG sector_map(wi26),1,20_소프트웨어
064400,LG씨엔에스,KOSPI,소프트웨어,20_소프트웨어,IT서비스,PG sector_map(wi26),1,20_소프트웨어
377300,카카오페이,KOSPI,소프트웨어,20_소프트웨어,IT서비스,PG sector_map(wi26),1,20_소프트웨어
036570,NC,KOSPI,소프트웨어,20_소프트웨어,게임엔터테인먼트,PG sector_map(wi26),1,20_소프트웨어
022100,포스코DX,KOSPI,소프트웨어,20_소프트웨어,IT서비스,PG sector_map(wi26),1,20_소프트웨어
251270,넷마블,KOSPI,소프트웨어,20_소프트웨어,게임엔터테인먼트,PG sector_map(wi26),1,20_소프트웨어
181710,NHN,KOSPI,소프트웨어,20_소프트웨어,IT서비스,PG sector_map(wi26),,20_소프트웨어
263750,펄어비스,KOSDAQ,소프트웨어,20_소프트웨어,게임엔터테인먼트,PG sector_map(wi26),,20_소프트웨어
462870,시프트업,KOSPI,소프트웨어,20_소프트웨어,게임엔터테인먼트,PG sector_map(wi26),,20_소프트웨어
192080,더블유게임즈,KOSPI,소프트웨어,20_소프트웨어,게임엔터테인먼트,PG sector_map(wi26),1,20_소프트웨어
009150,삼성전기,KOSPI,IT하드웨어,21_IT하드웨어,전자장비와기기,PG sector_map(wi26),1,21_IT하드웨어
011070,LG이노텍,KOSPI,IT하드웨어,21_IT하드웨어,전자장비와기기,PG sector_map(wi26),1,21_IT하드웨어
353200,대덕전자,KOSPI,IT하드웨어,21_IT하드웨어,전자장비와기기,PG sector_map(wi26),,21_IT하드웨어
222800,심텍,KOSDAQ,IT하드웨어,21_IT하드웨어,전자장비와기기,PG sector_map(wi26),,21_IT하드웨어
489790,한화비전,KOSPI,IT하드웨어,21_IT하드웨어,통신장비,PG sector_map(wi26),,21_IT하드웨어
010170,대한광통신,KOSDAQ,IT하드웨어,21_IT하드웨어,통신장비,PG sector_map(wi26),,21_IT하드웨어
098460,고영,KOSDAQ,IT하드웨어,21_IT하드웨어,전자장비와기기,PG sector_map(wi26),,21_IT하드웨어
140860,파크시스템스,KOSDAQ,IT하드웨어,21_IT하드웨어,전자장비와기기,PG sector_map(wi26),,21_IT하드웨어
020150,롯데에너지머티리얼즈,KOSPI,IT하드웨어,21_IT하드웨어,전자장비와기기,PG sector_map(wi26),,21_IT하드웨어
323280,태성,KOSDAQ,IT하드웨어,21_IT하드웨어,전자장비와기기,PG sector_map(wi26),,21_IT하드웨어
009155,삼성전기우,KOSPI,IT하드웨어,21_IT하드웨어,전자장비와기기,WICS '전자장비와기기' → WI26 다수결,,21_IT하드웨어
078600,대주전자재료,KOSDAQ,IT하드웨어,21_IT하드웨어,전자장비와기기,PG sector_map(wi26),,21_IT하드웨어
007810,코리아써키트,KOSPI,IT하드웨어,21_IT하드웨어,전자장비와기기,PG sector_map(wi26),,21_IT하드웨어
218410,RFHIC,KOSDAQ,IT하드웨어,21_IT하드웨어,통신장비,PG sector_map(wi26),,21_IT하드웨어
000670,영풍,KOSPI,IT하드웨어,21_IT하드웨어,핸드셋,PG sector_map(wi26),1,
005930,삼성전자,KOSPI,반도체,22_반도체,반도체와반도체장비,PG sector_map(wi26),1,22_반도체
000660,SK하이닉스,KOSPI,반도체,22_반도체,반도체와반도체장비,PG sector_map(wi26),1,22_반도체
005935,삼성전자우,KOSPI,반도체,22_반도체,반도체와반도체장비,WICS '반도체와반도체장비' → WI26 다수결,,22_반도체
402340,SK스퀘어,KOSPI,반도체,22_반도체,반도체와반도체장비,PG sector_map(wi26),1,22_반도체
042700,한미반도체,KOSPI,반도체,22_반도체,반도체와반도체장비,PG sector_map(wi26),1,22_반도체
007660,이수페타시스,KOSPI,반도체,22_반도체,반도체와반도체장비,PG sector_map(wi26),1,22_반도체
036930,주성엔지니어링,KOSDAQ,반도체,22_반도체,반도체와반도체장비,PG sector_map(wi26),,22_반도체
240810,원익IPS,KOSDAQ,반도체,22_반도체,반도체와반도체장비,PG sector_map(wi26),,22_반도체
058470,리노공업,KOSDAQ,반도체,22_반도체,반도체와반도체장비,PG sector_map(wi26),,22_반도체
039030,이오테크닉스,KOSDAQ,반도체,22_반도체,반도체와반도체장비,PG sector_map(wi26),,22_반도체
403870,HPSP,KOSDAQ,반도체,22_반도체,반도체와반도체장비,PG sector_map(wi26),,22_반도체
000990,DB하이텍,KOSPI,반도체,22_반도체,반도체와반도체장비,PG sector_map(wi26),1,22_반도체
319660,피에스케이,KOSDAQ,반도체,22_반도체,반도체와반도체장비,PG sector_map(wi26),,22_반도체
095340,ISC,KOSDAQ,반도체,22_반도체,반도체와반도체장비,PG sector_map(wi26),,22_반도체
440110,파두,KOSDAQ,반도체,22_반도체,반도체와반도체장비,PG sector_map(wi26),,22_반도체
084370,유진테크,KOSDAQ,반도체,22_반도체,반도체와반도체장비,PG sector_map(wi26),,22_반도체
095610,테스,KOSDAQ,반도체,22_반도체,반도체와반도체장비,PG sector_map(wi26),,22_반도체
357780,솔브레인,KOSDAQ,반도체,22_반도체,반도체와반도체장비,PG sector_map(wi26),,22_반도체
064760,티씨케이,KOSDAQ,반도체,22_반도체,반도체와반도체장비,PG sector_map(wi26),,22_반도체
080220,제주반도체,KOSDAQ,반도체,22_반도체,반도체와반도체장비,PG sector_map(wi26),,22_반도체
131290,티에스이,KOSDAQ,반도체,22_반도체,반도체와반도체장비,PG sector_map(wi26),,22_반도체
031980,피에스케이홀딩스,KOSDAQ,반도체,22_반도체,반도체와반도체장비,PG sector_map(wi26),,22_반도체
067310,하나마이크론,KOSDAQ,반도체,22_반도체,반도체와반도체장비,PG sector_map(wi26),,22_반도체
005290,동진쎄미켐,KOSDAQ,반도체,22_반도체,반도체와반도체장비,PG sector_map(wi26),,22_반도체
089030,테크윙,KOSDAQ,반도체,22_반도체,반도체와반도체장비,PG sector_map(wi26),,22_반도체
131970,두산테스나,KOSDAQ,반도체,22_반도체,반도체와반도체장비,PG sector_map(wi26),,22_반도체
089970,브이엠,KOSDAQ,반도체,22_반도체,반도체와반도체장비,PG sector_map(wi26),,22_반도체
030530,원익홀딩스,KOSDAQ,반도체,22_반도체,반도체와반도체장비,PG sector_map(wi26),,22_반도체
420770,기가비스,KOSDAQ,반도체,22_반도체,반도체와반도체장비,PG sector_map(wi26),,22_반도체
281820,케이씨텍,KOSPI,반도체,22_반도체,반도체와반도체장비,PG sector_map(wi26),,22_반도체
166090,하나머티리얼즈,KOSDAQ,반도체,22_반도체,반도체와반도체장비,PG sector_map(wi26),,22_반도체
373220,LG에너지솔루션,KOSPI,IT가전,23_IT가전,전기제품,PG sector_map(wi26),1,06_기계
006400,삼성SDI,KOSPI,IT가전,23_IT가전,전기제품,PG sector_map(wi26),1,06_기계
066570,LG전자,KOSPI,IT가전,23_IT가전,전자제품,PG sector_map(wi26),1,23_IT가전
247540,에코프로비엠,KOSDAQ,IT가전,23_IT가전,전기제품,PG sector_map(wi26),,06_기계
066970,엘앤에프,KOSPI,IT가전,23_IT가전,전기제품,PG sector_map(wi26),1,06_기계
450080,에코프로머티,KOSPI,IT가전,23_IT가전,전기제품,PG sector_map(wi26),1,06_기계
058610,에스피지,KOSDAQ,IT가전,23_IT가전,전기제품,PG sector_map(wi26),,06_기계
361610,SK아이이테크놀로지,KOSPI,IT가전,23_IT가전,전기제품,PG sector_map(wi26),1,06_기계
066575,LG전자우,KOSPI,IT가전,23_IT가전,전자제품,WICS '전자제품' → WI26 다수결,,23_IT가전
082920,비츠로셀,KOSDAQ,IT가전,23_IT가전,전기제품,PG sector_map(wi26),,06_기계
043260,성호전자,KOSDAQ,IT가전,23_IT가전,전기제품,PG sector_map(wi26),,06_기계
034220,LG디스플레이,KOSPI,디스플레이,24_디스플레이,디스플레이패널,PG sector_map(wi26),1,24_디스플레이
017670,SK텔레콤,KOSPI,통신서비스,25_통신서비스,무선통신서비스,PG sector_map(wi26),1,25_통신서비스
030200,KT,KOSPI,통신서비스,25_통신서비스,다각화된통신서비스,PG sector_map(wi26),1,25_통신서비스
032640,LG유플러스,KOSPI,통신서비스,25_통신서비스,무선통신서비스,PG sector_map(wi26),1,25_통신서비스
015760,한국전력,KOSPI,유틸리티,26_유틸리티,전기유틸리티,PG sector_map(wi26),1,26_유틸리티
052690,한전기술,KOSPI,유틸리티,26_유틸리티,전기유틸리티,PG sector_map(wi26),1,26_유틸리티
036460,한국가스공사,KOSPI,유틸리티,26_유틸리티,가스유틸리티,PG sector_map(wi26),1,26_유틸리티
018670,SK가스,KOSPI,유틸리티,26_유틸리티,가스유틸리티,PG sector_map(wi26),,26_유틸리티
051600,한전KPS,KOSPI,유틸리티,26_유틸리티,전기유틸리티,PG sector_map(wi26),1,26_유틸리티
071320,지역난방공사,KOSPI,유틸리티,26_유틸리티,복합유틸리티,PG sector_map(wi26),1,
