순위,종목명,종목코드,시장,업종(WICS),저장소폴더,종가,시가총액(억),후행PER,선행PER(26E),PBR,2026E EPS,2026E BPS,2026E DPS,업종중앙PER,목표가,상방(%),비고
1,삼성전자,005930,KOSPI,반도체와반도체장비,22_반도체,239500,14001837,36.49,5.01,3.74,47821,109367,7724,23.6,,,사이클 — 정점 EPS에 정상 배수 적용 불가
2,SK하이닉스,000660,KOSPI,반도체와반도체장비,22_반도체,1425000,10409516,24.17,4.08,8.3,349595,518268,9279,23.6,,,사이클 — 정점 EPS에 정상 배수 적용 불가
3,삼성전자우,005935,KOSPI,반도체와반도체장비,22_반도체,180200,1445873,36.49,5.01,3.74,47821,109367,7724,23.6,,,사이클 — 정점 EPS에 정상 배수 적용 불가
4,SK스퀘어,402340,KOSPI,반도체와반도체장비,22_반도체,945000,1247007,14.22,3.19,4.51,296272,444143,1989,23.6,,,사이클 — 정점 EPS에 정상 배수 적용 불가
5,삼성전기,009150,KOSPI,전자장비와기기,21_IT하드웨어,1262000,942634,138.69,63.93,9.99,19742,146105,2690,26.3,518622,-58.9,
6,LG에너지솔루션,373220,KOSPI,전기제품,06_기계,354500,829530,,,4.1,-1643,88423,,40.2,,,2026E EPS 없음·적자
7,현대차,005380,KOSPI,자동차,10_자동차,403000,825174,11.41,10.6,0.92,38028,471042,10670,10.6,403097,0.0,
8,삼성바이오로직스,207940,KOSPI,제약,16_건강관리,1609000,744821,60.55,39.71,9.99,40521,225581,,25.1,1015051,-36.9,
9,KB금융,105560,KOSPI,은행,17_은행,166600,590910,11.02,9.06,1.01,18392,177942,4862,8.0,146216,-12.2,
10,삼성생명,032830,KOSPI,생명보험,19_보험,289500,579000,25.14,19.89,0.83,14558,635620,6849,13.8,200900,-30.6,
11,한화에어로스페이스,012450,KOSPI,우주항공과국방,06_기계,1098000,566166,38.43,24.53,5.83,44765,230084,8335,40.2,1800896,64.0,
12,삼성물산,028260,KOSPI,복합기업,08_상사자본재,344500,558667,24.32,20.84,1.13,16532,364492,4477,13.5,223347,-35.2,
13,HD현대중공업,329180,KOSPI,조선,07_조선,503000,527955,32.03,16.4,5.65,30679,110451,10199,13.8,,,사이클 — 정점 EPS에 정상 배수 적용 불가
14,기아,000270,KOSPI,자동차,10_자동차,134300,524325,7.03,6.14,0.85,21865,173352,6862,10.6,231769,72.6,
15,두산에너빌리티,034020,KOSPI,기계,06_기계,77900,498997,588.7,158.12,6.41,493,12930,,40.2,,,선행PER이 업종 중앙 대비 3.9배 — 배수 접근 부적합
16,신한지주,055550,KOSPI,은행,17_은행,104500,490575,10.36,8.4,0.86,12446,130049,3050,8.0,98946,-5.3,
17,셀트리온,068270,KOSPI,제약,16_건강관리,210500,489526,49.67,31.3,2.81,6726,81295,732,25.1,168486,-20.0,
18,현대모비스,012330,KOSPI,자동차부품,10_자동차,495500,449580,12.49,10.85,0.9,45680,607307,7091,10.6,484208,-2.3,
19,SK,034730,KOSPI,석유와가스,01_에너지,524000,379914,23.97,4.2,1.15,124798,611567,8618,10.2,,,사이클 — 정점 EPS에 정상 배수 적용 불가
20,삼성SDI,006400,KOSPI,전기제품,06_기계,459500,370291,,55.74,1.69,8244,291848,,40.2,331656,-27.8,
21,하나금융지주,086790,KOSPI,은행,17_은행,127700,350368,9.05,7.95,0.77,16056,178122,4649,8.0,127645,-0.0,
22,NAVER,035420,KOSPI,양방향미디어와서비스,20_소프트웨어,214000,335932,17.29,17.1,1.16,12511,198405,2510,15.3,191794,-10.4,
23,LS ELECTRIC,010120,KOSPI,전기장비,06_기계,203000,304500,106.24,56.26,14.58,3608,16639,1045,40.2,145150,-28.5,
24,LG전자,066570,KOSPI,전자제품,23_IT가전,181700,295961,34.15,14.39,1.37,12631,148343,1448,14.4,181760,0.0,
25,삼성화재,000810,KOSPI,손해보험,19_보험,641000,286190,15.75,13.8,1.28,46458,630365,22980,13.8,641120,0.0,
26,HD한국조선해양,009540,KOSPI,조선,07_조선,398000,281677,12.99,7.34,2.12,54223,217388,18161,13.8,,,사이클 — 정점 EPS에 정상 배수 적용 불가
27,한화오션,042660,KOSPI,조선,07_조선,89000,272708,21.89,13.85,4.42,6425,26902,,13.8,,,사이클 — 정점 EPS에 정상 배수 적용 불가
28,HD현대일렉트릭,267260,KOSPI,전기장비,06_기계,739000,266388,36.36,27.83,13.11,26555,74771,9144,40.2,1068308,44.6,
29,효성중공업,298040,KOSPI,전기장비,06_기계,2831000,263978,50.78,34.21,11.21,82756,327680,10157,40.2,3329274,17.6,
30,POSCO홀딩스,005490,KOSPI,철강,04_철강,326500,258724,40.38,13.86,0.44,23552,758484,10059,14.9,,,사이클 — 정점 EPS에 정상 배수 적용 불가
31,고려아연,010130,KOSPI,비철금속,03_비철목재등,1229000,256529,31.91,20.31,2.29,60524,596372,24167,14.1,,,사이클 — 정점 EPS에 정상 배수 적용 불가
32,우리금융지주,316140,KOSPI,은행,17_은행,33800,246094,8.01,7.68,0.69,4400,53408,1511,8.0,34980,3.5,
33,한국전력,015760,KOSPI,전기유틸리티,26_유틸리티,35200,225971,2.64,3.91,0.47,9011,82617,1125,4.8,43163,22.6,
34,SK이노베이션,096770,KOSPI,석유와가스,01_에너지,124100,209795,,7.84,0.96,15839,149969,,10.2,,,사이클 — 정점 EPS에 정상 배수 적용 불가
35,메리츠금융지주,138040,KOSPI,증권,18_증권,123800,207176,9.75,8.69,2.02,14254,67145,1700,5.9,84597,-31.7,
36,HMM,011200,KOSPI,해운사,09_운송,21650,204211,11.08,12.05,0.77,1796,29612,621,10.4,,,사이클 — 정점 EPS에 정상 배수 적용 불가
37,한미반도체,042700,KOSPI,반도체와반도체장비,22_반도체,213000,203015,95.39,58.73,29.27,3627,9859,720,23.6,,,사이클 — 정점 EPS에 정상 배수 적용 불가
38,미래에셋증권,006800,KOSPI,증권,18_증권,35500,198646,16.48,7.51,1.56,4726,29310,644,5.9,28049,-21.0,
39,LG화학,051910,KOSPI,화학,02_화학,274000,193423,,,0.65,-4332,417435,2000,23.4,,,사이클 — 정점 EPS에 정상 배수 적용 불가
40,삼성중공업,010140,KOSPI,조선,07_조선,21800,191840,35.17,20.41,4.49,1068,6001,,13.8,,,사이클 — 정점 EPS에 정상 배수 적용 불가
41,두산,000150,KOSPI,복합기업,08_상사자본재,1177000,190601,331.93,51.88,13.47,22687,128502,4409,13.5,,,선행PER이 업종 중앙 대비 3.8배 — 배수 접근 부적합
42,KT&G,033780,KOSPI,담배,15_필수소비재,179900,186755,20.05,14.34,2.01,12547,93052,7161,9.5,118946,-33.9,
43,SK텔레콤,017670,KOSPI,무선통신서비스,25_통신서비스,86000,184719,45.23,13.77,1.42,6246,65030,3270,9.3,57963,-32.6,
44,삼성에스디에스,018260,KOSPI,IT서비스,20_소프트웨어,237000,183385,24.14,26.14,1.85,9066,135509,3261,15.3,138982,-41.4,
45,카카오,035720,KOSPI,양방향미디어와서비스,20_소프트웨어,40700,180293,36.66,30.69,1.59,1326,26681,76,15.3,20328,-50.1,
46,HD현대,267250,KOSPI,조선,07_조선,224500,177339,18.42,5.18,1.57,43327,170438,5267,13.8,,,사이클 — 정점 EPS에 정상 배수 적용 불가
47,알테오젠,196170,KOSDAQ,생물공학,16_건강관리,327500,175495,161.67,85.68,51.56,3822,9917,347,25.1,,,선행PER이 업종 중앙 대비 3.4배 — 배수 접근 부적합
48,LIG디펜스앤에어로스페이스,079550,KOSPI,우주항공과국방,06_기계,760000,167200,65.99,46.25,11.61,16432,78353,3524,40.2,661059,-13.0,
49,LG,003550,KOSPI,복합기업,08_상사자본재,108300,163741,23.4,14.52,0.58,7459,196707,3544,13.5,100771,-7.0,
50,기업은행,024110,KOSPI,은행,17_은행,20150,160681,5.93,5.76,0.44,3496,47635,1098,8.0,27793,37.9,
51,S-Oil,010950,KOSPI,석유와가스,01_에너지,141600,159417,93.31,5.87,1.85,24109,98169,3768,10.2,,,사이클 — 정점 EPS에 정상 배수 적용 불가
52,현대로템,064350,KOSPI,우주항공과국방,06_기계,141400,154327,20.04,17.24,5.01,8202,35637,696,40.2,329966,133.4,
53,현대글로비스,086280,KOSPI,항공화물운송과물류,09_운송,201500,151125,8.72,9.07,1.46,22213,154179,6369,10.4,,,사이클 — 정점 EPS에 정상 배수 적용 불가
54,에이피알,278470,KOSPI,화장품,11_화장품의류완구,385500,144324,50.04,24.73,32.37,15589,22546,5410,15.8,245839,-36.2,
55,포스코퓨처엠,003670,KOSPI,화학,02_화학,156900,139557,406.95,652.49,3.43,240,45262,249,23.4,,,사이클 — 정점 EPS에 정상 배수 적용 불가
56,한화시스템,272210,KOSPI,우주항공과국방,06_기계,72900,137722,56.86,90.27,2.81,808,29090,422,40.2,32506,-55.4,
57,KT,030200,KOSPI,다각화된통신서비스,25_통신서비스,52800,133067,7.69,9.28,0.72,5690,78440,2433,9.3,52803,0.0,
58,한국항공우주,047810,KOSPI,우주항공과국방,06_기계,135500,132079,71.05,51.35,7.22,2639,20920,694,40.2,106167,-21.6,
59,LG이노텍,011070,KOSPI,전자장비와기기,21_IT하드웨어,549000,129932,38.07,14.07,2.25,39030,284448,2359,26.3,1025318,86.8,
60,현대건설,000720,KOSPI,건설,05_건설건축관련,112300,125053,33.83,24.43,1.53,4596,81008,850,12.6,58093,-48.3,
61,에코프로,086520,KOSDAQ,화학,02_화학,90300,122606,,,6.18,,,,23.4,,,사이클 — 정점 EPS에 정상 배수 적용 불가
62,현대오토에버,307950,KOSPI,IT서비스,20_소프트웨어,432500,118609,65.0,55.84,6.42,7745,73238,2023,15.3,,,선행PER이 업종 중앙 대비 3.6배 — 배수 접근 부적합
63,크래프톤,259960,KOSPI,게임엔터테인먼트,20_소프트웨어,244000,112576,15.81,12.12,1.55,20134,181450,2431,15.3,308654,26.5,
64,한국금융지주,071050,KOSPI,증권,18_증권,198100,110393,6.04,4.02,0.96,49263,244174,12454,5.9,292376,47.6,
65,DB손해보험,005830,KOSPI,손해보험,19_보험,164500,107748,6.51,,0.92,,,8286,13.8,,,2026E EPS 없음·적자
66,에코프로비엠,247540,KOSDAQ,전기제품,06_기계,109800,107418,272.75,640.57,6.21,171,17395,100,40.2,,,선행PER이 업종 중앙 대비 15.9배 — 배수 접근 부적합
67,삼성에피스홀딩스,0126Z0,KOSPI,제약,16_건강관리,426500,106126,20.11,44.85,1.79,9510,247611,,25.1,238226,-44.1,
68,카카오뱅크,323410,KOSPI,은행,17_은행,22200,105921,22.05,17.54,1.57,1265,14703,621,8.0,10057,-54.7,
69,NH투자증권,005940,KOSPI,증권,18_증권,28350,104670,9.82,6.27,1.13,4521,28240,2023,5.9,26832,-5.4,
70,LS,006260,KOSPI,전기장비,06_기계,322500,100620,38.13,16.24,1.76,19854,201946,2670,40.2,798726,147.7,
71,포스코인터내셔널,047050,KOSPI,무역회사와판매업체,08_상사자본재,56100,98693,16.07,10.73,1.43,5227,42298,2395,13.5,70617,25.9,
72,대한항공,003490,KOSPI,항공사,09_운송,26650,98131,12.62,27.66,0.9,964,28550,778,10.4,,,사이클 — 정점 EPS에 정상 배수 적용 불가
73,삼성E&A,028050,KOSPI,건설,05_건설건축관련,48950,95942,15.54,12.96,2.02,3777,27279,845,12.6,47741,-2.5,
74,삼양식품,003230,KOSPI,식품,15_필수소비재,1254000,94464,24.26,16.75,7.52,74874,235457,5636,9.5,709806,-43.4,
75,레인보우로보틱스,277810,KOSDAQ,기계,06_기계,480000,93119,6550.76,620.8,69.58,773,7629,,40.2,,,선행PER이 업종 중앙 대비 15.4배 — 배수 접근 부적합
76,GS,078930,KOSPI,석유와가스,01_에너지,97500,90573,11.56,5.78,0.63,16872,169017,3500,10.2,,,사이클 — 정점 EPS에 정상 배수 적용 불가
77,HD현대마린솔루션,443060,KOSPI,조선,07_조선,200000,89667,33.26,25.52,10.87,7838,22400,5415,13.8,,,사이클 — 정점 EPS에 정상 배수 적용 불가
78,삼성증권,016360,KOSPI,증권,18_증권,92700,82781,8.22,4.92,1.03,18859,102865,6817,5.9,111928,20.7,
79,한화솔루션,009830,KOSPI,에너지장비및서비스,01_에너지,36350,81748,,22.5,0.76,1615,44231,230,10.2,,,사이클 — 정점 EPS에 정상 배수 적용 불가
80,한국타이어앤테크놀로지,161390,KOSPI,자동차부품,10_자동차,65500,81138,7.45,6.14,0.66,10663,108832,3118,10.6,113028,72.6,
81,아모레퍼시픽,090430,KOSPI,화장품,11_화장품의류완구,137300,80311,40.23,25.43,1.74,5399,82842,1532,15.8,85142,-38.0,
82,한진칼,180640,KOSPI,항공사,09_운송,117900,78713,51.19,,2.37,,,,10.4,,,사이클 — 정점 EPS에 정상 배수 적용 불가
83,키움증권,039490,KOSPI,증권,18_증권,300000,78685,7.41,4.31,1.18,69526,303880,18756,5.9,412637,37.5,
84,하이브,352820,KOSPI,방송과엔터테인먼트,13_미디어교육,180300,77722,,41.26,2.35,4370,81426,773,13.4,,,선행PER이 업종 중앙 대비 3.1배 — 배수 접근 부적합
85,주성엔지니어링,036930,KOSDAQ,반도체와반도체장비,22_반도체,162400,75485,215.06,154.44,12.57,1052,13984,53,23.6,,,사이클 — 정점 EPS에 정상 배수 적용 불가
86,LG씨엔에스,064400,KOSPI,IT서비스,20_소프트웨어,75600,73246,16.62,15.53,2.5,4867,33457,2019,15.3,74611,-1.3,
87,대우건설,047040,KOSPI,건설,05_건설건축관련,17320,71169,,12.64,2.13,1370,9575,,12.6,17317,-0.0,
88,SK바이오팜,326030,KOSPI,제약,16_건강관리,90500,70873,26.55,21.17,8.72,4276,14721,,25.1,107114,18.4,
89,현대차2우B,005387,KOSPI,자동차,10_자동차,199400,69718,11.41,10.6,0.92,38028,471042,10670,10.6,403097,102.2,
90,코웨이,021240,KOSPI,가정용기기와용품,15_필수소비재,97600,69069,11.4,9.48,1.91,10292,60276,3100,9.5,97568,-0.0,
91,유한양행,000100,KOSPI,제약,16_건강관리,85600,68178,35.83,41.64,2.77,2056,35165,600,25.1,51503,-39.8,
92,HD건설기계,267270,KOSPI,기계,06_기계,142000,68049,25.3,11.55,1.37,12291,113242,2242,40.2,,,선행PER이 업종 중앙 대비 0.3배 — 배수 접근 부적합
93,LG유플러스,032640,KOSPI,무선통신서비스,25_통신서비스,15590,66168,12.91,9.02,0.75,1729,21913,699,9.3,16045,2.9,
94,이수페타시스,007660,KOSPI,반도체와반도체장비,22_반도체,87800,64453,38.91,24.39,8.53,3600,13717,220,23.6,,,사이클 — 정점 EPS에 정상 배수 적용 불가
95,두산밥캣,241560,KOSPI,기계,06_기계,63800,61156,15.31,11.06,0.85,5767,80635,1871,40.2,,,선행PER이 업종 중앙 대비 0.3배 — 배수 접근 부적합
96,카카오페이,377300,KOSPI,IT서비스,20_소프트웨어,44900,60736,133.89,47.47,3.19,946,14996,,15.3,,,선행PER이 업종 중앙 대비 3.1배 — 배수 접근 부적합
97,한화,000880,KOSPI,복합기업,08_상사자본재,83800,59086,21.27,8.15,0.63,10277,141477,1212,13.5,138842,65.7,
98,산일전기,062040,KOSPI,전기장비,06_기계,184700,56597,37.76,26.48,9.59,6976,24770,1628,40.2,280644,51.9,
99,HLB,028300,KOSDAQ,건강관리장비와용품,16_건강관리,41950,55877,,,13.28,,,,25.1,,,2026E EPS 없음·적자
100,대한전선,001440,KOSPI,전기장비,06_기계,28300,55466,62.65,60.0,3.28,472,8867,,40.2,18989,-32.9,
101,NC,036570,KOSPI,게임엔터테인먼트,20_소프트웨어,255500,55045,15.95,11.85,1.47,21561,195430,3377,15.3,330530,29.4,
102,삼성카드,029780,KOSPI,카드,17_은행,47250,54743,8.48,8.98,0.57,5262,83497,2800,8.0,41833,-11.5,
103,리노공업,058470,KOSDAQ,반도체와반도체장비,22_반도체,71500,54491,35.86,29.33,7.42,2438,11020,1138,23.6,,,사이클 — 정점 EPS에 정상 배수 적용 불가
104,오리온,271560,KOSPI,식품,15_필수소비재,136000,53759,14.05,11.24,1.41,12095,103944,4023,9.5,114661,-15.7,
105,JB금융지주,175330,KOSPI,은행,17_은행,28750,53625,7.8,7.26,0.91,3959,33927,1286,8.0,31474,9.5,
106,한미약품,128940,KOSPI,제약,16_건강관리,413000,52909,31.2,25.05,4.19,16486,114471,1916,25.1,412974,-0.0,
107,대덕전자,353200,KOSPI,전자장비와기기,21_IT하드웨어,104700,51740,113.29,23.45,6.01,4465,21337,496,26.3,117296,12.0,
108,원익IPS,240810,KOSDAQ,반도체와반도체장비,22_반도체,104700,51391,61.16,23.59,5.25,4439,24213,283,23.6,,,사이클 — 정점 EPS에 정상 배수 적용 불가
109,OCI홀딩스,010060,KOSPI,화학,02_화학,273500,51063,,31.68,1.3,8632,217513,1438,23.4,,,사이클 — 정점 EPS에 정상 배수 적용 불가
110,에이비엘바이오,298380,KOSDAQ,생물공학,16_건강관리,89100,49885,,,31.75,-1254,2031,,25.1,,,2026E EPS 없음·적자
111,LG디스플레이,034220,KOSPI,디스플레이패널,24_디스플레이,9940,49700,21.96,160.92,0.75,62,13721,,160.9,,,사이클 — 정점 EPS에 정상 배수 적용 불가
112,두산로보틱스,454910,KOSPI,기계,06_기계,74100,48032,,686.17,13.78,108,5508,,40.2,,,선행PER이 업종 중앙 대비 17.1배 — 배수 접근 부적합
113,맥쿼리인프라,088980,KOSPI,,,9980,47796,14.06,,1.13,,,700,14.6,,,2026E EPS 없음·적자
114,LG생활건강,051900,KOSPI,화장품,11_화장품의류완구,318500,47697,,23.51,0.98,13547,337854,3038,15.8,213636,-32.9,
115,가온전선,000500,KOSPI,전기장비,06_기계,157200,46810,87.95,46.65,9.68,3370,20013,100,40.2,135575,-13.8,
116,BNK금융지주,138930,KOSPI,은행,17_은행,14900,46239,5.8,5.84,0.43,2553,36377,821,8.0,20296,36.2,
117,현대차우,005385,KOSPI,자동차,10_자동차,197700,46145,11.41,10.6,0.92,38028,471042,10670,10.6,403097,103.9,
118,이오테크닉스,039030,KOSDAQ,반도체와반도체장비,22_반도체,368500,45398,79.35,38.49,6.6,9574,64430,1100,23.6,,,사이클 — 정점 EPS에 정상 배수 적용 불가
119,삼천당제약,000250,KOSDAQ,제약,16_건강관리,191700,44968,854.61,,16.15,,,,25.1,,,2026E EPS 없음·적자
120,파마리서치,214450,KOSDAQ,건강관리장비와용품,16_건강관리,417000,43325,29.35,21.84,7.0,19097,74618,4284,25.1,478380,14.7,
121,리가켐바이오,141080,KOSDAQ,제약,16_건강관리,116900,43276,,,8.39,-2254,12943,,25.1,,,2026E EPS 없음·적자
122,펩트론,087010,KOSDAQ,생물공학,16_건강관리,184400,42997,,,30.18,,,,25.1,,,2026E EPS 없음·적자
123,심텍,222800,KOSDAQ,전자장비와기기,21_IT하드웨어,113900,42671,,23.44,7.39,4860,20019,125,26.3,127672,12.1,
124,SKC,011790,KOSPI,화학,02_화학,85300,42307,,,3.49,-6118,22295,,23.4,,,사이클 — 정점 EPS에 정상 배수 적용 불가
125,한화생명,088350,KOSPI,생명보험,19_보험,4725,41038,6.4,4.59,0.26,1030,,,13.8,,,선행PER이 업종 중앙 대비 0.3배 — 배수 접근 부적합
126,DB하이텍,000990,KOSPI,반도체와반도체장비,22_반도체,93200,40546,16.12,11.08,1.77,8413,58417,1267,23.6,,,사이클 — 정점 EPS에 정상 배수 적용 불가
127,신세계,004170,KOSPI,백화점과일반상점,14_소매유통,428500,40473,297.51,10.43,0.84,41089,551454,5614,10.8,442118,3.2,
128,영원무역,111770,KOSPI,"섬유,의류,신발,호화품",11_화장품의류완구,90700,40191,8.16,6.72,0.94,13504,108940,2478,15.8,212958,134.8,
129,엘앤에프,066970,KOSPI,전기제품,06_기계,98500,40073,,,5.63,-1089,16099,,40.2,,,2026E EPS 없음·적자
130,CJ,001040,KOSPI,복합기업,08_상사자본재,135800,39622,33.79,12.5,0.87,10862,161544,3376,13.5,146746,8.1,
131,한온시스템,018880,KOSPI,자동차부품,10_자동차,3785,38844,,15.36,1.03,246,3889,70,10.6,2608,-31.1,
132,KCC,002380,KOSPI,건축자재,05_건설건축관련,450000,38668,2.6,2.24,0.42,201206,1267683,14000,12.6,,,선행PER이 업종 중앙 대비 0.2배 — 배수 접근 부적합
133,현대제철,004020,KOSPI,철강,04_철강,28700,38299,,34.98,0.19,821,149100,547,14.9,,,사이클 — 정점 EPS에 정상 배수 적용 불가
134,한전기술,052690,KOSPI,전기유틸리티,26_유틸리티,99600,38067,44.59,61.52,6.06,1619,16652,1062,4.8,,,선행PER이 업종 중앙 대비 12.8배 — 배수 접근 부적합
135,현대해상,001450,KOSPI,손해보험,19_보험,44050,37552,3.86,,0.67,,,1400,13.8,,,2026E EPS 없음·적자
136,피에스케이,319660,KOSDAQ,반도체와반도체장비,22_반도체,129100,37396,47.61,24.65,6.94,5236,23171,737,23.6,,,사이클 — 정점 EPS에 정상 배수 적용 불가
137,한화엔진,082740,KOSPI,조선,07_조선,44700,37301,21.47,18.53,6.71,2412,9144,,13.8,,,사이클 — 정점 EPS에 정상 배수 적용 불가
138,로보티즈,108490,KOSDAQ,기계,06_기계,243500,35700,645.44,846.45,11.22,288,22562,,40.2,,,선행PER이 업종 중앙 대비 21.0배 — 배수 접근 부적합
139,케어젠,214370,KOSDAQ,건강관리업체및서비스,16_건강관리,66000,35452,176.39,,15.18,,,,25.1,,,2026E EPS 없음·적자
140,휴젤,145020,KOSDAQ,생물공학,16_건강관리,282500,35355,24.9,20.07,3.21,14078,102305,,25.1,352654,24.8,
141,넷마블,251270,KOSPI,게임엔터테인먼트,20_소프트웨어,40550,33224,15.49,6.82,0.61,5946,72916,975,15.3,91152,124.8,
142,한국가스공사,036460,KOSPI,가스유틸리티,26_유틸리티,35950,33187,24.95,2.97,0.29,12104,135093,1854,4.8,57978,61.3,
143,보로노이,310210,KOSDAQ,제약,16_건강관리,176500,32552,,,30.94,,,,25.1,,,2026E EPS 없음·적자
144,포스코DX,022100,KOSPI,IT서비스,20_소프트웨어,21200,32231,61.89,,5.65,,,,15.3,,,2026E EPS 없음·적자
145,금호석유화학,011780,KOSPI,화학,02_화학,127400,32050,12.94,6.7,0.52,19006,266009,3008,23.4,,,사이클 — 정점 EPS에 정상 배수 적용 불가
146,HPSP,403870,KOSDAQ,반도체와반도체장비,22_반도체,38400,31603,44.13,26.67,10.08,1440,4668,555,23.6,,,사이클 — 정점 EPS에 정상 배수 적용 불가
147,한미사이언스,008930,KOSPI,제약,16_건강관리,46200,31597,26.69,,3.25,,,,25.1,,,2026E EPS 없음·적자
148,ISC,095340,KOSDAQ,반도체와반도체장비,22_반도체,148600,31499,56.12,35.14,5.67,4229,29392,938,23.6,,,사이클 — 정점 EPS에 정상 배수 적용 불가
149,제주반도체,080220,KOSDAQ,반도체와반도체장비,22_반도체,90400,31136,78.81,,13.41,,,,23.6,,,사이클 — 정점 EPS에 정상 배수 적용 불가
150,파두,440110,KOSDAQ,반도체와반도체장비,22_반도체,62000,31069,,34.13,158.68,1817,2203,,23.6,,,사이클 — 정점 EPS에 정상 배수 적용 불가
151,강원랜드,035250,KOSPI,"호텔,레스토랑,레저",12_호텔레저서비스,14510,31043,9.76,9.94,0.73,1459,20536,1025,9.9,14502,-0.1,
152,서울보증보험,031210,KOSPI,손해보험,19_보험,44450,31036,11.56,,0.6,,,2865,13.8,,,2026E EPS 없음·적자
153,팬오션,028670,KOSPI,해운사,09_운송,5780,30898,10.25,6.53,0.54,886,11745,185,10.4,,,사이클 — 정점 EPS에 정상 배수 적용 불가
154,달바글로벌,483650,KOSPI,화장품,11_화장품의류완구,246000,30735,37.28,23.87,15.35,10305,22576,2833,15.8,162510,-33.9,
155,클래시스,214150,KOSDAQ,건강관리장비와용품,16_건강관리,46350,30237,23.01,17.53,5.46,2645,10101,906,25.1,66257,42.9,
156,GS건설,006360,KOSPI,건설,05_건설건축관련,34750,29740,31.8,19.68,0.62,1766,58018,567,12.6,22322,-35.8,
157,한올바이오파마,009420,KOSPI,제약,16_건강관리,56900,29725,,14862.46,17.87,4,3134,,25.1,,,선행PER이 업종 중앙 대비 593.3배 — 배수 접근 부적합
158,일진전기,103590,KOSPI,전기장비,06_기계,61800,29470,28.37,18.44,5.01,3352,15150,674,40.2,134851,118.2,
159,유진테크,084370,KOSDAQ,반도체와반도체장비,22_반도체,128400,29424,69.3,31.63,6.3,4060,24298,277,23.6,,,사이클 — 정점 EPS에 정상 배수 적용 불가
160,SK바이오사이언스,302440,KOSPI,제약,16_건강관리,37500,29421,,,1.64,-1008,22829,,25.1,,,2026E EPS 없음·적자
161,에스원,012750,KOSPI,상업서비스와공급품,08_상사자본재,76700,29145,16.32,17.21,1.48,4457,54043,3200,13.5,60214,-21.5,
162,CJ제일제당,097950,KOSPI,식품,15_필수소비재,188000,28302,,7.89,0.43,23833,462592,6277,9.5,225937,20.2,
163,테스,095610,KOSDAQ,반도체와반도체장비,22_반도체,146000,28266,50.6,28.35,6.61,5150,26695,971,23.6,,,사이클 — 정점 EPS에 정상 배수 적용 불가
164,DL이앤씨,375500,KOSPI,건설,05_건설건축관련,73000,28246,8.46,6.34,0.58,11520,136649,1069,12.6,145613,99.5,
165,DN오토모티브,007340,KOSPI,자동차부품,10_자동차,47900,28027,9.96,7.69,1.24,6232,45579,1200,10.6,66059,37.9,
166,롯데쇼핑,023530,KOSPI,백화점과일반상점,14_소매유통,98800,27949,54.21,8.12,0.18,12161,546844,4375,10.8,130852,32.4,
167,디앤디파마텍,347850,KOSDAQ,생물공학,16_건강관리,60900,27915,,,33.35,,,,25.1,,,2026E EPS 없음·적자
168,올릭스,226950,KOSDAQ,생명과학도구및서비스,16_건강관리,131900,27782,,,19.58,,,,25.1,,,2026E EPS 없음·적자
169,현대엘리베이터,017800,KOSPI,기계,06_기계,71000,27756,10.59,16.82,1.9,4221,35452,8000,40.2,169811,139.2,
170,현대무벡스,319400,KOSDAQ,기계,06_기계,24600,27399,249.12,,16.9,,,,40.2,,,2026E EPS 없음·적자
171,티에스이,131290,KOSDAQ,반도체와반도체장비,22_반도체,244500,27045,70.74,20.48,6.91,11938,46800,600,23.6,,,사이클 — 정점 EPS에 정상 배수 적용 불가
172,iM금융지주,139130,KOSPI,은행,17_은행,17060,27017,6.33,5.68,0.44,3003,40967,752,8.0,23874,39.9,
173,효성,004800,KOSPI,복합기업,08_상사자본재,159000,26617,8.07,6.73,1.09,23635,164318,5667,13.5,319309,100.8,
174,에코프로머티,450080,KOSPI,전기제품,06_기계,37550,26591,114.85,,2.48,,,,40.2,,,2026E EPS 없음·적자
175,에스엘,005850,KOSPI,자동차부품,10_자동차,56900,26429,8.5,6.86,1.03,8294,60723,3343,10.6,87916,54.5,
176,동서,026960,KOSPI,식품,15_필수소비재,26500,26420,18.24,,1.52,,,,9.5,,,2026E EPS 없음·적자
177,실리콘투,257720,KOSDAQ,인터넷과카탈로그소매,14_소매유통,40050,26263,15.35,11.58,5.74,3457,10125,341,10.8,37197,-7.1,
178,BGF리테일,282330,KOSPI,백화점과일반상점,14_소매유통,150500,26012,13.32,11.09,1.98,13575,85281,4363,10.8,146067,-2.9,
179,코리안리,003690,KOSPI,손해보험,19_보험,14710,25996,8.9,,0.71,,,653,13.8,,,2026E EPS 없음·적자
180,한화비전,489790,KOSPI,통신장비,21_IT하드웨어,51000,25749,56.48,13.46,2.97,3790,21052,,26.3,99563,95.2,
181,F&F,383220,KOSPI,"섬유,의류,신발,호화품",11_화장품의류완구,67000,25666,6.44,5.28,1.34,12701,60322,2718,15.8,,,선행PER이 업종 중앙 대비 0.3배 — 배수 접근 부적합
182,영원무역홀딩스,009970,KOSPI,"섬유,의류,신발,호화품",11_화장품의류완구,197000,25519,7.26,,0.76,,,,15.8,,,2026E EPS 없음·적자
183,신영증권,001720,KOSPI,증권,18_증권,155100,25498,17.09,,0.61,,,,5.9,,,2026E EPS 없음·적자
184,한국콜마,161890,KOSPI,화장품,11_화장품의류완구,107900,25470,20.36,14.6,2.8,7389,45161,950,15.8,116525,8.0,
185,HL만도,204320,KOSPI,자동차부품,10_자동차,54100,25404,25.39,12.55,0.94,4309,60319,825,10.6,45675,-15.6,
186,에스피지,058610,KOSDAQ,전기제품,06_기계,114000,25282,276.81,142.03,9.8,803,12376,250,40.2,,,선행PER이 업종 중앙 대비 3.5배 — 배수 접근 부적합
187,한솔케미칼,014680,KOSPI,화학,02_화학,233500,25204,17.97,15.17,2.35,15391,110882,2720,23.4,,,사이클 — 정점 EPS에 정상 배수 적용 불가
188,롯데케미칼,011170,KOSPI,화학,02_화학,58100,24853,,,0.19,-5658,292079,1000,23.4,,,사이클 — 정점 EPS에 정상 배수 적용 불가
189,솔브레인,357780,KOSDAQ,반도체와반도체장비,22_반도체,314000,24425,30.89,16.62,2.28,18895,155612,2596,23.6,,,사이클 — 정점 EPS에 정상 배수 적용 불가
190,서진시스템,178320,KOSDAQ,전기장비,06_기계,38300,24378,,278.8,2.92,137,10609,,40.2,,,선행PER이 업종 중앙 대비 6.9배 — 배수 접근 부적합
191,농심,004370,KOSPI,식품,15_필수소비재,395500,24057,14.14,12.3,0.82,32143,516056,6042,9.5,304716,-23.0,
192,코스맥스,192820,KOSPI,화장품,11_화장품의류완구,210000,23834,19.37,15.72,4.27,13356,58864,3535,15.8,210624,0.3,
193,한국앤컴퍼니,000240,KOSPI,자동차부품,10_자동차,25000,23734,6.84,,0.5,,,,10.6,,,2026E EPS 없음·적자
194,롯데지주,004990,KOSPI,복합기업,08_상사자본재,23650,23570,,26.37,0.3,897,81200,1312,13.5,12118,-48.8,
195,피에스케이홀딩스,031980,KOSDAQ,반도체와반도체장비,22_반도체,109100,23525,25.66,17.31,4.65,6303,28537,1120,23.6,,,사이클 — 정점 EPS에 정상 배수 적용 불가
196,미래에셋생명,085620,KOSPI,생명보험,19_보험,17390,23508,26.35,23.39,0.93,744,,,13.8,10267,-41.0,
197,풍산,103140,KOSPI,비철금속,03_비철목재등,83500,23400,15.9,7.87,0.99,10612,93203,2331,14.1,,,사이클 — 정점 EPS에 정상 배수 적용 불가
198,하나마이크론,067310,KOSDAQ,반도체와반도체장비,22_반도체,35000,23272,60.88,14.34,5.83,2440,8578,105,23.6,,,사이클 — 정점 EPS에 정상 배수 적용 불가
199,두산퓨얼셀,336260,KOSPI,에너지장비및서비스,01_에너지,35500,23250,,,7.91,-1099,3420,,10.2,,,사이클 — 정점 EPS에 정상 배수 적용 불가
200,미스토홀딩스,081660,KOSPI,"섬유,의류,신발,호화품",11_화장품의류완구,43700,23201,11.67,8.48,1.2,5155,39905,2228,15.8,81294,86.0,
201,펄어비스,263750,KOSDAQ,게임엔터테인먼트,20_소프트웨어,36900,23189,,6.51,2.84,5667,19112,,15.3,86875,135.4,
202,GS리테일,007070,KOSPI,백화점과일반상점,14_소매유통,27550,23034,53.03,10.26,0.7,2685,41697,692,10.8,28891,4.9,
203,케이뱅크,279570,KOSPI,은행,17_은행,5570,22597,18.58,19.11,0.96,291,6157,,8.0,2313,-58.5,
204,에스티팜,237690,KOSDAQ,제약,16_건강관리,108000,22547,39.92,32.81,3.77,3291,31655,500,25.1,82440,-23.7,
205,티씨케이,064760,KOSDAQ,반도체와반도체장비,22_반도체,200500,22415,33.44,20.76,4.32,9659,54489,1892,23.6,,,사이클 — 정점 EPS에 정상 배수 적용 불가
206,고영,098460,KOSDAQ,전자장비와기기,21_IT하드웨어,32800,22371,152.61,38.14,6.46,860,5768,140,26.3,22592,-31.1,
207,이마트,139480,KOSPI,백화점과일반상점,14_소매유통,80600,22242,16.38,17.65,0.2,4566,407094,2700,10.8,49130,-39.0,
208,SK가스,018670,KOSPI,가스유틸리티,26_유틸리티,238500,22079,9.37,4.79,0.73,49841,408849,11000,4.8,238738,0.1,
209,동진쎄미켐,005290,KOSDAQ,반도체와반도체장비,22_반도체,43000,21917,22.32,,2.04,,,,23.6,,,사이클 — 정점 EPS에 정상 배수 적용 불가
210,제일기획,030000,KOSPI,광고,13_미디어교육,19050,21915,10.56,9.8,1.23,1943,16137,1268,13.4,26085,36.9,
211,현대백화점,069960,KOSPI,백화점과일반상점,14_소매유통,101300,21845,11.04,7.97,0.48,12705,223888,2178,10.8,136706,35.0,
212,현대지에프홀딩스,005440,KOSPI,복합기업,08_상사자본재,11860,21751,4.49,6.63,0.46,1788,23753,448,13.5,24156,103.7,
213,금호타이어,073240,KOSPI,자동차부품,10_자동차,7520,21602,6.22,5.31,1.06,1417,8677,,10.6,15020,99.7,
214,대한광통신,010170,KOSDAQ,통신장비,21_IT하드웨어,13450,20913,,,27.4,-21,,,26.3,,,2026E EPS 없음·적자
215,아모레퍼시픽홀딩스,002790,KOSPI,화장품,11_화장품의류완구,27000,20644,20.32,,0.7,,,,15.8,,,2026E EPS 없음·적자
216,한전KPS,051600,KOSPI,전기유틸리티,26_유틸리티,45700,20565,16.55,13.65,1.53,3348,31301,2020,4.8,,,선행PER이 업종 중앙 대비 2.8배 — 배수 접근 부적합
217,셀트리온제약,068760,KOSDAQ,제약,16_건강관리,46100,20469,53.0,,4.68,,,,25.1,,,2026E EPS 없음·적자
218,파크시스템스,140860,KOSDAQ,전자장비와기기,21_IT하드웨어,283500,19852,57.5,39.46,8.75,7185,42790,604,26.3,188750,-33.4,
219,이수스페셜티케미컬,457190,KOSPI,화학,02_화학,65500,19793,2571.26,,14.89,,,,23.4,,,사이클 — 정점 EPS에 정상 배수 적용 불가
220,우리기술,032820,KOSDAQ,우주항공과국방,06_기계,11450,19784,2386.55,,15.17,,,,40.2,,,2026E EPS 없음·적자
221,시프트업,462870,KOSPI,게임엔터테인먼트,20_소프트웨어,33650,19767,10.32,15.13,2.12,2225,18305,,15.3,34109,1.4,
222,메지온,140410,KOSDAQ,식품,15_필수소비재,63000,19282,,,111.25,,,,9.5,,,2026E EPS 없음·적자
223,대한조선,439260,KOSPI,조선,07_조선,50500,19235,6.91,6.36,1.78,7937,35188,910,13.8,,,사이클 — 정점 EPS에 정상 배수 적용 불가
224,HD현대마린엔진,071970,KOSPI,조선,07_조선,56700,19233,11.65,14.88,3.93,3811,14392,,13.8,,,사이클 — 정점 EPS에 정상 배수 적용 불가
225,브이엠,089970,KOSDAQ,반도체와반도체장비,22_반도체,72400,19061,71.15,22.02,10.61,3287,9985,345,23.6,,,사이클 — 정점 EPS에 정상 배수 적용 불가
226,씨에스윈드,112610,KOSPI,에너지장비및서비스,01_에너지,44900,18935,54.57,10.21,1.61,4398,31101,938,10.2,,,사이클 — 정점 EPS에 정상 배수 적용 불가
227,NHN,181710,KOSPI,IT서비스,20_소프트웨어,54200,17752,56.79,15.33,1.14,3536,51922,511,15.3,54207,0.0,
228,테크윙,089030,KOSDAQ,반도체와반도체장비,22_반도체,47800,17712,189.6,,7.94,,,,23.6,,,사이클 — 정점 EPS에 정상 배수 적용 불가
229,CJ대한통운,000120,KOSPI,항공화물운송과물류,09_운송,77400,17657,7.29,7.9,0.37,9792,217952,844,10.4,,,사이클 — 정점 EPS에 정상 배수 적용 불가
230,현대위아,011210,KOSPI,자동차부품,10_자동차,64900,17650,17.82,11.71,0.48,5544,139626,1342,10.6,58766,-9.5,
231,호텔신라,008770,KOSPI,백화점과일반상점,14_소매유통,44600,17505,,15.49,1.53,2878,32231,,10.8,30967,-30.6,
232,SK리츠,395400,KOSPI,,,5810,17489,90.21,,0.9,,,,14.6,,,2026E EPS 없음·적자
233,에스엠,041510,KOSDAQ,방송과엔터테인먼트,13_미디어교육,76300,17469,5.04,14.36,1.74,5314,47337,1670,13.4,71340,-6.5,
234,다우기술,023590,KOSPI,증권,18_증권,40300,17445,3.58,,0.5,,,,5.9,,,2026E EPS 없음·적자
235,SK이터닉스,475150,KOSPI,에너지장비및서비스,01_에너지,51100,17408,56.13,57.42,6.31,890,8935,,10.2,,,사이클 — 정점 EPS에 정상 배수 적용 불가
236,에임드바이오,0009K0,KOSDAQ,생물공학,16_건강관리,26800,17332,291.57,,8.93,,,,25.1,,,2026E EPS 없음·적자
237,엘앤씨바이오,290650,KOSDAQ,건강관리장비와용품,16_건강관리,63500,17126,,72.11,7.81,881,8913,70,25.1,,,선행PER이 업종 중앙 대비 2.9배 — 배수 접근 부적합
238,씨젠,096530,KOSDAQ,생명과학도구및서비스,16_건강관리,32550,17000,35.21,16.76,1.48,1942,23242,1150,25.1,48647,49.5,
239,두산우,000155,KOSPI,복합기업,08_상사자본재,425000,16985,331.93,51.88,13.47,22687,128502,4409,13.5,,,선행PER이 업종 중앙 대비 3.8배 — 배수 접근 부적합
240,롯데에너지머티리얼즈,020150,KOSPI,전자장비와기기,21_IT하드웨어,32400,16966,,,1.02,-581,31085,,26.3,,,2026E EPS 없음·적자
241,코오롱인더,120110,KOSPI,화학,02_화학,56600,16949,44.77,8.12,0.44,6968,124920,1580,23.4,,,사이클 — 정점 EPS에 정상 배수 적용 불가
242,비에이치아이,083650,KOSDAQ,에너지장비및서비스,01_에너지,54600,16896,25.91,21.67,9.51,2520,8254,,10.2,,,사이클 — 정점 EPS에 정상 배수 적용 불가
243,오리온홀딩스,001800,KOSPI,식품,15_필수소비재,27950,16814,14.47,,0.68,,,,9.5,,,2026E EPS 없음·적자
244,코오롱티슈진,950160,KOSDAQ,생물공학,16_건강관리,19620,16671,,,25.48,-461,683,,25.1,,,2026E EPS 없음·적자
245,LS마린솔루션,060370,KOSDAQ,건설,05_건설건축관련,31850,16638,162.07,66.82,2.58,477,13342,160,12.6,,,선행PER이 업종 중앙 대비 5.3배 — 배수 접근 부적합
246,JYP Ent.,035900,KOSDAQ,방송과엔터테인먼트,13_미디어교육,46550,16540,10.3,12.49,2.49,3726,21933,814,13.4,50022,7.5,
247,동원산업,006040,KOSPI,식품,15_필수소비재,37100,16376,4.22,4.81,0.46,7716,86998,1262,9.5,73148,97.2,
248,롯데렌탈,089860,KOSPI,도로와철도운송,09_운송,45000,16339,12.8,11.82,1.04,3806,45978,1280,10.4,,,사이클 — 정점 EPS에 정상 배수 적용 불가
249,비츠로셀,082920,KOSDAQ,전기제품,06_기계,34950,15776,27.84,20.28,4.75,1724,8844,328,40.2,69357,98.4,
250,SK네트웍스,001740,KOSPI,복합기업,08_상사자본재,7860,15767,34.93,18.28,0.75,430,10607,262,13.5,5809,-26.1,
251,원익홀딩스,030530,KOSDAQ,반도체와반도체장비,22_반도체,20300,15679,57.26,,1.55,,,,23.6,,,사이클 — 정점 EPS에 정상 배수 적용 불가
252,녹십자,006280,KOSPI,제약,16_건강관리,132700,15508,,8.59,1.24,15440,121674,1519,25.1,,,선행PER이 업종 중앙 대비 0.3배 — 배수 접근 부적합
253,미래에셋증권2우B,00680K,KOSPI,증권,18_증권,11360,15506,16.48,7.51,1.56,4726,29310,644,5.9,28049,146.9,
254,오름테라퓨틱,475830,KOSDAQ,제약,16_건강관리,71000,15421,,,11.52,,,,25.1,,,2026E EPS 없음·적자
255,HJ중공업,097230,KOSPI,건설,05_건설건축관련,17070,15413,28.22,9.76,2.3,1750,8462,,12.6,22120,29.6,
256,네이처셀,007390,KOSDAQ,생물공학,16_건강관리,23400,15078,,,23.92,,,,25.1,,,2026E EPS 없음·적자
257,대웅제약,069620,KOSPI,제약,16_건강관리,130100,15074,7.7,8.17,1.49,15931,103635,600,25.1,,,선행PER이 업종 중앙 대비 0.3배 — 배수 접근 부적합
258,태성,323280,KOSDAQ,전자장비와기기,21_IT하드웨어,49350,15070,,,11.75,,,,26.3,,,2026E EPS 없음·적자
259,기가비스,420770,KOSDAQ,반도체와반도체장비,22_반도체,117400,14881,96.31,57.83,7.05,2030,18274,800,23.6,,,사이클 — 정점 EPS에 정상 배수 적용 불가
260,대주전자재료,078600,KOSDAQ,전자장비와기기,21_IT하드웨어,94400,14825,70.73,87.55,5.63,1078,17740,100,26.3,,,선행PER이 업종 중앙 대비 3.3배 — 배수 접근 부적합
261,세아베스틸지주,001430,KOSPI,철강,04_철강,41300,14811,26.36,14.86,0.76,2779,55633,1187,14.9,,,사이클 — 정점 EPS에 정상 배수 적용 불가
262,IPARK현대산업개발,294870,KOSPI,건설,05_건설건축관련,22450,14796,9.36,4.05,0.44,5546,55925,984,12.6,,,선행PER이 업종 중앙 대비 0.3배 — 배수 접근 부적합
263,아시아나항공,020560,KOSPI,항공사,09_운송,7120,14667,,,1.97,,,,10.4,,,사이클 — 정점 EPS에 정상 배수 적용 불가
264,LX인터내셔널,001120,KOSPI,무역회사와판매업체,08_상사자본재,37750,14632,10.32,5.39,0.49,7001,82038,2267,13.5,,,선행PER이 업종 중앙 대비 0.4배 — 배수 접근 부적합
265,LS에코에너지,229640,KOSPI,전기장비,06_기계,46800,14332,34.07,26.69,6.78,1753,8573,246,40.2,70523,50.7,
266,효성티앤씨,298020,KOSPI,무역회사와판매업체,08_상사자본재,331000,14325,132.46,5.36,0.91,61734,424679,10417,13.5,,,선행PER이 업종 중앙 대비 0.4배 — 배수 접근 부적합
267,오스코텍,039200,KOSDAQ,제약,16_건강관리,37400,14309,27.33,,7.89,,,,25.1,,,2026E EPS 없음·적자
268,제이에스링크,127120,KOSDAQ,생명과학도구및서비스,16_건강관리,41000,14249,,,19.1,,,,25.1,,,2026E EPS 없음·적자
269,두산테스나,131970,KOSDAQ,반도체와반도체장비,22_반도체,73300,14167,938.18,36.64,3.23,2001,24544,160,23.6,,,사이클 — 정점 EPS에 정상 배수 적용 불가
270,성호전자,043260,KOSDAQ,전기제품,06_기계,19700,14133,14.69,4.96,5.57,3976,9787,,40.2,,,선행PER이 업종 중앙 대비 0.1배 — 배수 접근 부적합
271,코리아써키트,007810,KOSPI,전자장비와기기,21_IT하드웨어,58900,14126,34.12,13.41,3.67,4392,20234,100,26.3,115378,95.9,
272,RFHIC,218410,KOSDAQ,통신장비,21_IT하드웨어,52100,13846,48.17,26.27,3.89,1983,14641,500,26.3,52093,-0.0,
273,케이씨텍,281820,KOSPI,반도체와반도체장비,22_반도체,69300,13720,26.88,10.72,2.58,6467,32533,650,23.6,,,사이클 — 정점 EPS에 정상 배수 적용 불가
274,HDC,012630,KOSPI,건설,05_건설건축관련,22950,13711,4.56,,0.39,,,,12.6,,,2026E EPS 없음·적자
275,오뚜기,007310,KOSPI,식품,15_필수소비재,333000,13346,19.28,,0.55,,,,9.5,,,2026E EPS 없음·적자
276,HD현대에너지솔루션,322000,KOSPI,에너지장비및서비스,01_에너지,118500,13272,31.85,11.32,3.18,10464,47723,,10.2,,,사이클 — 정점 EPS에 정상 배수 적용 불가
277,더블유게임즈,192080,KOSPI,게임엔터테인먼트,20_소프트웨어,61800,13085,10.12,6.7,1.0,9227,69941,1329,15.3,141450,128.9,
278,스피어,347700,KOSDAQ,우주항공과국방,06_기계,25350,13068,5476.53,27.78,17.08,912,2354,,40.2,36690,44.7,
279,코스모신소재,005070,KOSPI,화학,02_화학,39250,13037,,324.39,2.57,121,15767,,23.4,,,사이클 — 정점 EPS에 정상 배수 적용 불가
280,하림지주,003380,KOSDAQ,식품,15_필수소비재,11580,12970,5.65,4.6,0.36,2518,35825,120,9.5,23871,106.1,
281,동양생명,082640,KOSPI,생명보험,19_보험,8250,12875,10.69,,0.83,,,,13.8,,,2026E EPS 없음·적자
282,삼성전기우,009155,KOSPI,전자장비와기기,21_IT하드웨어,436500,12689,138.69,63.93,9.99,19742,146105,2690,26.3,518622,18.8,
283,한국카본,017960,KOSPI,조선,07_조선,24350,12583,12.42,10.7,2.11,2276,13185,310,13.8,,,사이클 — 정점 EPS에 정상 배수 적용 불가
284,KB발해인프라,415640,KOSPI,,,10260,12573,22.45,,1.51,,,650,14.6,,,2026E EPS 없음·적자
285,대신증권,003540,KOSPI,증권,18_증권,26300,12536,12.86,5.6,0.49,4700,59217,1200,5.9,27894,6.1,
286,하나머티리얼즈,166090,KOSDAQ,반도체와반도체장비,22_반도체,63300,12519,32.62,16.47,2.63,3843,27791,350,23.6,,,사이클 — 정점 EPS에 정상 배수 적용 불가
287,롯데정밀화학,004000,KOSPI,화학,02_화학,48400,12487,11.77,6.01,0.51,8050,102026,1933,23.4,,,사이클 — 정점 EPS에 정상 배수 적용 불가
288,SK아이이테크놀로지,361610,KOSPI,전기제품,06_기계,15220,12448,,,0.48,-6348,23688,,40.2,,,2026E EPS 없음·적자
289,삼성화재우,000815,KOSPI,손해보험,19_보험,406500,12224,15.75,13.8,1.28,46458,630365,22980,13.8,641120,57.7,
290,HK이노엔,195940,KOSDAQ,제약,16_건강관리,42250,11969,15.81,12.99,0.9,3253,49630,410,25.1,81488,92.9,
291,삼현,437730,KOSDAQ,자동차부품,10_자동차,37600,11922,114.54,,9.02,,,,10.6,,,2026E EPS 없음·적자
292,리브스메드,491000,KOSDAQ,건강관리장비와용품,16_건강관리,46400,11718,,,6.33,-765,,,25.1,,,2026E EPS 없음·적자
293,롯데웰푸드,280360,KOSPI,식품,15_필수소비재,127200,11708,16.45,9.33,0.51,13630,258698,3642,9.5,129212,1.6,
294,코스메카코리아,241710,KOSDAQ,화장품,11_화장품의류완구,109400,11684,25.71,15.82,4.62,6914,29746,402,15.8,109034,-0.3,
295,LG전자우,066575,KOSPI,전자제품,23_IT가전,67000,11511,34.15,14.39,1.37,12631,148343,1448,14.4,181760,171.3,
296,교보증권,030610,KOSPI,증권,18_증권,10090,11499,8.05,,0.54,,,,5.9,,,2026E EPS 없음·적자
297,후성,093370,KOSPI,화학,02_화학,10640,11412,214.85,51.64,3.41,206,3262,,23.4,,,사이클 — 정점 EPS에 정상 배수 적용 불가
298,대원전선,006340,KOSPI,전기장비,06_기계,14520,11386,128.87,,9.51,,,,40.2,,,2026E EPS 없음·적자
299,STX엔진,077970,KOSPI,조선,07_조선,28300,11362,15.3,13.37,3.31,2117,10673,,13.8,,,사이클 — 정점 EPS에 정상 배수 적용 불가
300,롯데리츠,330590,KOSPI,,,3915,11313,57.64,,0.99,,,,14.6,,,2026E EPS 없음·적자
