ticker,price,mktcap_b,fwd_pe,trail_pe,psr,pbr,ev_ebitda,peg,rev_growth,eps_growth,gross_margin,op_margin,fcf_b,roe,debt_to_equity,beta,div_yield
AAPL,310.34,4529.157832704,32.535477,35.589447,9.702088,42.16576,27.01,2.49,0.164,0.287,0.48653,0.32623002,107.721875456,1.4875101,78.445,1.086,0.35
ABBV,264.52,467.437846528,16.24614,74.51267,7.25993,-78.749626,17.312,0.43,0.102,2.904,0.72792,0.40035,16.870250496,,,0.28,2.61
ABNB,190.21,113.895022592,30.984732,43.42694,8.655294,14.389137,36.529,2.01,0.165,0.334,0.82901,0.21009001,3.20687488,0.34542,32.004,1.137,
ABT,116.67,201.883828224,19.237017,37.757282,4.3622913,3.949961,19.656,2.35,0.13,-0.475,0.56847,0.14706999,7.209124864,0.10576,63.212,0.581,2.16
ADBE,276.27,109.81732352,10.049693,15.804919,4.358176,9.570443,11.397,0.67,0.127,0.079,0.89404,0.35327998,9.218374656,0.62953997,61.443,1.397,
ADI,371.17,180.792098816,22.7199,44.029655,13.02373,5.3746023,27.103,0.56,0.396,1.635,0.65800005,0.39503,4.147339008,0.12227,27.314,1.212,1.18
ADP,283.01,112.429334528,21.122608,25.845663,5.122672,18.666975,17.6,2.6,0.068,0.098,0.48653,0.23459,5.243049984,0.72239,91.436,0.823,2.42
ADSK,254.42,53.71957248,17.880825,37.141605,7.155931,16.833399,24.945,0.97,0.184,2.314,0.92434,0.29524,3.060999936,0.50396,85.419,1.298,
AEP,121.98,66.405593088,17.79909,21.140383,2.913676,2.0699487,13.287,2.06,0.07,-0.432,0.46352002,0.23251,-5.99595008,0.10130999,160.789,0.507,3.14
ALAB,277.53,48.147320832,43.408287,137.39108,40.05871,27.900875,168.992,,1.045,1.862,0.75128996,0.22744,0.091913128,0.25826,2.574,3.843,
AMAT,484.19,384.427229184,26.398993,41.848747,12.466428,14.99458,38.288,0.99,0.248,0.428,0.49398,0.33736,3.075375104,0.41068,28.666,1.618,0.43
AMD,456.745,745.624764416,29.494118,116.2201,18.051682,11.088466,79.872,1.01,0.501,1.595,0.55724,0.1725,8.841499648,0.10196,6.361,2.489,
AMGN,443.84,239.954100224,18.19196,27.60199,6.298835,20.529139,16.263,2.31,0.095,0.649,0.71891,0.35548002,8.645624832,0.91473,490.281,0.413,2.29
AMZN,262.07,2826.769268736,25.222055,21.066721,3.6442466,5.1229577,17.277,1.38,0.196,2.423,0.5077,0.13689,3.219124992,0.30558002,45.617,1.454,
ANET,188.15,237.299417088,36.466286,59.35331,22.512468,16.035967,48.406,1.78,0.377,0.357,0.63004,0.45393002,3.891512576,0.31476,,1.615,
APP,298.59,100.308180992,14.220745,22.968462,14.631934,31.650414,18.982,0.86,0.528,0.57,0.88464,0.77678,3.179956224,2.03686,111.13,2.529,
ARM,238.78,255.016697856,78.01127,246.16495,49.460186,29.548323,241.104,2.0,0.224,1.083,0.97537005,0.07603,1.334499968,0.13352999,5.62,3.909,
AVGO,358.76,1706.829545472,18.394054,59.693844,22.617498,19.466087,42.729,0.41,0.479,0.854,0.76284,0.48988,27.212249088,0.37280998,74.018,1.473,0.71
AXON,597.59,48.546668544,56.59334,250.03766,15.080826,13.211372,315.887,2.87,0.353,-0.182,0.59525,0.0517,0.22216,0.06221,50.363,1.397,
AZN,166.71,258.54820352,14.675177,24.994003,4.213216,5.1410866,14.313,1.43,0.064,0.025,0.8169,0.23459,4.905375232,0.21965,64.225,0.211,1.93
BAC,62.33,435.858014208,11.770749,14.394919,3.8256314,1.584312,,1.05,0.168,0.341,0.0,0.38305,0.0,0.111990005,,1.168,2.07
BE,204.02,60.089475072,41.763134,264.96106,19.301825,37.1283,142.084,0.85,1.655,,0.31651,0.17106001,0.531637504,0.22213,171.578,3.832,
BKNG,213.36,160.314540032,17.239275,23.733038,5.854186,-14.997891,15.482,0.92,0.081,1.3,0.87227994,0.34412,7.7258752,,,1.068,0.8
BKR,61.985,61.530902528,19.610603,19.930868,2.219329,3.089672,12.665,2.14,-0.024,-0.042,0.23657,0.1283,4.415000064,0.16463,80.925,0.959,1.48
BRK-B,504.32,1079.602774016,22.724754,12.684105,2.8064446,0.00096571236,-1.79,10.06,0.1,1.078,0.30332002,0.32561,71.975247872,0.121199995,17.142,0.607,
CAT,811.02,372.805533696,25.123617,34.987923,4.9887667,19.221672,25.83,1.82,0.24,0.682,0.29713,0.22183001,5.048999936,0.56972003,232.783,1.605,0.79
CBRS,185.43,44.051501056,145.58601,,64.71757,4.6043253,-82.838,,0.743,,0.34903,-2.64968,0.0,,16.244,,
CCEP,110.12,48.63735808,19.180265,21.258688,2.2779896,5.0461273,16.58,3.14,0.044,0.09,0.35571998,0.134,1.583000064,0.23544,139.064,0.48,2.23
CDNS,315.92,87.002161152,33.13048,62.682545,14.926589,12.686531,41.27,2.89,0.242,1.254,0.85871005,0.28575,1.609676544,0.23229,38.661,1.142,
CEG,273.43,96.87826432,20.494467,26.72825,3.0981216,3.0381448,15.22,3.74,0.23,-0.468,0.22107,0.086619996,-6.625124864,0.15055001,76.419,1.118,0.63
CIEN,371.95,52.650614784,38.467464,123.571434,9.453977,18.209635,71.783,0.68,0.395,23.833,0.43047002,0.15195,0.700927872,0.15464,54.649,1.315,
COHR,275.49,53.949820928,19.749887,67.02919,7.5791583,4.94596,41.165,0.92,0.337,,0.37495998,0.118269995,-0.649981632,0.07981,31.612,2.107,
COP,133.35,160.198361088,14.003015,17.61559,2.4852753,2.451422,6.633,1.07,0.355,1.07,0.47574002,0.3151,7.691375104,0.1418,35.639,0.123,2.49
COST,971.4,430.79532544,42.869,48.81407,1.4673516,26.058266,30.357,4.6,0.215,0.455,0.12876001,0.036730003,6.954375168,0.29152,60.257,0.86,0.62
CPRT,33.26,30.792486912,19.78125,20.658384,6.9067807,3.5095491,13.87,4.06,0.021,0.023,0.47522998,0.37530997,0.999977152,0.17607,1.059,1.014,
CRWD,190.68,194.161672192,121.65058,,38.11426,41.89848,3232.773,6.24,0.256,,0.75136,-0.022079999,1.926365056,-0.0024899999,17.568,1.234,
CRWV,86.25,47.570030592,-44.262547,,6.2674613,9.4593115,24.948,,1.125,,0.67418,-0.01903,-9.088615424,-0.43596,1027.329,,
CSCO,110.23,434.4643584,19.871323,33.102104,6.8608665,8.656353,24.273,1.02,0.176,0.52,0.64564,0.27701,11.568,0.27319,58.731,1.002,1.51
CSX,51.44,95.291301888,22.64573,29.906975,6.5663795,6.76664,16.634,2.1,0.101,0.227,0.47070998,0.38424,1.953250048,0.24357,138.068,1.211,1.09
CTAS,207.4,82.995167232,33.93208,42.240326,7.367681,16.14636,28.036,3.23,0.089,0.156,0.50668997,0.23688,1.464424832,0.40714002,52.646,0.918,1.02
CVX,203.09,398.382006272,15.360609,19.546679,1.9026383,2.098037,8.623,0.79,0.535,3.219,0.44267,0.21866,21.934000128,0.12231,18.959,0.488,3.47
CYBR,,0.0,,,,,,,,,,,0.0,,,,
DASH,229.06,99.805732864,28.12913,120.55789,6.2457175,10.003057,66.021,5.0,0.356,-0.3,0.52225,0.03862,5.147500032,0.088870004,33.276,1.77,
DDOG,225.77,81.068367872,76.056015,460.7551,20.437103,18.557455,975.881,1.44,0.356,14.985,0.79536,0.00666,1.051412352,0.04696,29.259,1.509,
DE,648.64,175.092219904,28.880468,36.035557,3.6556096,6.252313,24.221,1.49,-0.111,-0.085,0.26092,0.17479,5.664875008,0.18242,376.022,0.901,1.0
DHR,215.11,151.21932288,23.13685,38.412502,6.0229945,2.8755715,22.094,1.43,0.055,0.597,0.58752996,0.19777,4.32512512,0.07605,52.97,0.796,0.73
DUK,121.97,95.100280832,17.005655,18.368977,2.8991337,1.7690657,11.318,2.39,0.011,0.106,0.51971,0.27503002,-4.477374976,0.098570004,162.155,0.371,3.62
DXCM,91.06,34.3624704,29.144236,35.992096,6.915091,13.109703,24.442,1.74,0.131,0.436,0.62473,0.24327,1.021162496,0.38491002,53.346,1.41,
EQIX,1055.2,104.118362112,56.44936,67.85852,10.512758,7.239446,28.087,3.43,0.167,0.288,0.51979,0.27021998,3.776,0.10735,162.217,0.972,1.94
EXC,44.34,45.6814592,14.593687,16.30147,1.8037376,1.5411887,11.496,2.52,0.099,-0.002,0.42363998,0.16590999,-2.68512512,0.09711,177.362,0.396,3.84
FANG,205.6,57.572069376,11.368267,39.161907,3.5597007,1.5220274,6.557,22.3,0.525,1.795,0.72353995,0.48466998,5.035500032,0.034930002,28.678,0.419,2.09
FAST,51.28,58.843676672,36.63485,43.82906,6.725453,14.461365,30.213,3.71,0.147,0.146,0.44701,0.21023001,0.916124992,0.34334,10.851,0.712,1.87
FCX,77.8,111.72216832,18.869617,38.137257,4.3189335,5.5559525,13.447,6.28,-0.073,0.281,0.38275,0.33404,2.15924992,0.14755,32.149,1.379,0.78
FLEX,106.65,39.396827136,14.997659,41.33721,1.3461177,7.162525,20.674,0.94,0.206,0.52,0.0953,0.0497,0.625750016,0.18378,107.818,1.668,
FN,421.14,15.091494912,19.329237,32.246555,3.2517085,6.1491065,27.843,,0.446,0.581,0.11991,0.10231,-0.0578735,0.21326,0.164,1.222,
FTNT,151.99,111.517147136,40.427605,53.897167,14.81483,71.89688,42.039,2.11,0.256,0.439,0.80204004,0.33595002,2.265587456,1.17442,36.194,1.058,
GE,341.84,354.680373248,37.667862,40.358913,7.004095,20.107054,32.393,5.12,0.211,0.194,0.31051,0.20571,6.594625024,0.48231998,113.225,1.366,0.54
GEV,942.1,250.912866304,37.47698,26.971085,6.065532,20.984518,62.898,1.63,0.219,0.328,0.2057,0.07466,15.722125312,0.82577,28.364,1.033,0.21
GILD,146.74,181.95103744,14.833775,,5.97403,15.394462,13.866,2.14,0.102,,0.79603994,0.33679,9.768875008,-0.2068,223.465,0.336,2.24
GOOG,344.59,4214.313189376,23.265799,17.298695,9.451973,6.770473,23.538,0.93,0.242,2.94,0.60897,0.34033,22.66500096,0.48676,18.859,1.237,0.26
GOOGL,348.06,4256.751157248,23.500084,17.464125,9.547153,6.838651,23.755,0.93,0.242,2.94,0.60897,0.34033,22.66500096,0.48676,18.859,1.237,0.26
GS,1036.28,301.735084032,13.997648,16.004324,4.4655185,2.8622644,,1.47,0.425,0.923,0.82075995,0.42176998,0.0,0.16902,725.381,1.288,1.92
HON,214.77,68.069203968,21.49125,8.254035,1.7886119,3.6720982,11.103,4.05,0.043,2.639,0.36511,0.20249,2.610374912,0.46577,185.369,0.918,1.3
IDXX,559.51,44.078825472,33.424137,39.236324,9.6933155,27.366594,27.61,3.41,0.097,0.176,0.62446,0.3498,0.909368384,0.74211,67.971,1.542,
INTC,87.26,461.265534976,42.771786,,8.087837,5.0267878,29.14,1.36,0.254,,0.38873002,0.12189999,4.866375168,-0.10715,48.997,2.241,
INTU,369.92,101.18680576,13.551608,22.556099,4.8356895,4.9181685,15.68,0.95,0.104,0.107,0.80793,0.46974,5.232,0.22496,33.448,0.959,1.31
ISRG,373.57,133.841936384,30.948162,42.889782,12.129517,7.276676,30.793,1.86,0.185,0.265,0.66679,0.33603,2.6152,0.17423001,,1.46,
JNJ,273.04,657.998675968,22.184847,31.675175,6.71914,7.738352,19.486,4.73,0.066,-0.009,0.6814,0.2919,16.88512512,0.25742,57.709,0.231,1.98
JPM,356.39,947.35106048,14.251616,15.269495,5.084319,2.6794832,,1.72,0.304,0.469,0.0,0.50394,0.0,0.17789,,0.977,1.71
KDP,32.51,44.240449536,12.829315,32.838383,2.2021132,1.7673279,17.52,1.1,0.756,-0.9,0.50956,0.12888,4.60724992,0.051,99.649,0.411,2.87
KLAC,181.57,237.229719552,27.494612,49.60929,17.469727,37.375465,39.909,1.76,0.152,0.138,0.61301,0.42486,2.62458752,0.87496,96.88,1.458,0.5
KO,91.99,395.791466496,26.08624,27.624624,7.895459,10.949886,24.827,4.39,0.067,0.169,0.61888003,0.34873,5.218749952,0.42054,115.519,0.342,2.33
LIN,490.03,225.894105088,25.03506,31.61484,6.372369,5.780155,18.045,2.08,0.093,0.113,0.48348,0.28119,4.16075008,0.18400998,68.947,0.726,1.31
LITE,830.17,74.466246656,25.146631,,24.706783,15.838706,95.762,0.63,1.093,,0.44244,0.27954,0.2247,-2.40027,35.987,1.513,
LLY,1246.93,1111.939088384,26.399021,41.913616,13.951495,32.81222,27.932,1.58,0.477,0.262,0.83399004,0.54222,11.065900032,1.02286,162.071,0.506,0.55
LRCX,310.17,388.122247168,26.837955,53.94261,16.705868,31.119696,45.301,1.46,0.3,0.348,0.50469,0.37390998,3.09048448,0.65066004,33.049,1.865,0.33
LULU,122.78,13.942150144,10.910151,9.9417,1.2444412,2.9113414,5.6,0.93,0.043,-0.35,0.55695,0.11205,1.13396096,0.32027,44.264,0.863,
MA,599.86,525.483311104,26.051634,33.01376,14.978288,93.78674,23.497,1.78,0.141,0.221,1.0,0.61108,16.961250304,2.41202,439.583,0.735,0.6
MAR,360.2,93.928022016,27.360031,37.28779,12.718758,-20.840084,22.901,2.02,0.111,0.043,0.79241997,0.65276,2.06037504,,,1.12,0.82
MCHP,74.21,40.296677376,16.255764,109.13235,7.866911,6.246633,30.834,0.23,0.38,,0.60194,0.23958,1.364762496,0.0719,83.688,1.742,2.39
MDB,402.69,32.389132288,54.854176,,12.445875,11.045313,-403.031,1.67,0.252,,0.71970004,-0.03607,0.517605376,-0.00975,1.998,1.545,
MDLZ,64.7,82.577129472,19.247988,23.699633,2.0933115,3.1101282,16.884,1.07,0.041,1.449,0.31146,0.21978001,2.25237504,0.13340001,82.643,0.404,3.23
MELI,1947.9,98.752299008,34.34094,53.047386,2.8068986,12.605565,26.963,1.37,0.498,-0.109,0.47749,0.06716,0.353375008,0.27504,168.586,1.312,
META,559.02,1424.106979328,16.107914,21.047441,6.239324,5.4527903,12.976,0.82,0.28,-0.134,0.81747,0.34827,21.553625088,0.29848,42.997,1.243,0.38
MNST,48.92,95.836807168,37.373466,45.29629,10.395623,10.234309,30.783,2.8,0.202,0.18,0.55546004,0.2918,1.681231104,0.25704,0.992,0.524,
MO,68.47,114.327363584,11.6762705,14.414737,5.592221,-42.84731,8.41,2.6,0.012,-0.027,0.8717,0.61464,9.035249664,,,0.495,6.42
MPC,362.52,101.804589056,11.257745,12.56133,0.68657553,5.3778367,8.733,1.79,0.537,3.48,0.12819,0.13561,9.249375232,0.42099,133.328,0.508,1.11
MRK,150.66,371.704070144,15.793247,120.528,5.583741,8.8696575,14.658,10.47,0.051,,0.759,-0.00241,15.171500032,0.06961,128.408,0.211,2.23
MRVL,229.29,205.797965824,36.677242,78.52397,23.608536,11.021438,76.99,1.4,0.276,-0.804,0.51502997,0.14479999,2.269700096,0.16028,28.97,2.246,0.1
MS,214.08,336.226844672,15.701461,17.292408,4.320127,3.1574755,,2.03,0.28,0.624,0.87641,0.41567,0.0,0.17969999,517.282,1.209,2.15
MSFT,487.31,3618.54271488,20.672134,27.17847,10.904512,8.181147,18.741,1.57,0.177,0.317,0.67944,0.45111,16.54550016,0.34039003,29.118,1.099,0.75
MU,910.43,1028.233428992,5.8727856,20.560751,11.39014,10.204899,15.717,0.14,3.457,13.685,0.72569,0.80370003,7.639499776,0.66638,6.33,2.213,0.05
NBIS,210.91,57.336987648,-70.36197,,39.517136,5.591167,241.153,0.63,4.54,,0.7426,-0.00223,-9.614650368,0.00601,98.596,1.434,
NEE,84.1,175.430762496,19.05271,18.898876,6.1114774,3.0706878,20.067,1.83,0.124,0.531,0.61024,0.31524,-17.766875136,0.11677,161.676,0.653,2.98
NEM,131.84,138.91878912,12.452749,16.625473,5.391345,3.9615386,7.938,2.78,0.151,0.114,0.68041,0.51569,8.815875072,0.25905,15.807,0.5,0.79
NFLX,80.01,333.156810752,20.940039,25.160378,6.887565,11.049579,23.015,1.78,0.134,0.111,0.49118,0.33381,25.387552768,0.49541,55.236,1.514,
NVDA,208.48,5049.593888768,15.986504,31.92649,19.92021,25.833954,31.151,0.59,0.852,2.145,0.74144995,0.65596,46.335873024,1.14288,6.555,2.215,0.47
NXPI,222.44,56.091398144,12.292824,18.963343,4.2541823,4.9226546,12.824,0.55,0.195,0.726,0.56102,0.30406,3.555000064,0.27921,93.325,1.825,1.8
ODFL,201.48,41.901449216,30.340904,38.671783,7.457057,9.192445,23.727,2.92,0.104,0.323,0.39566,0.28835,0.970776,0.24818,0.44,1.177,0.56
ON,71.93,28.003190784,15.884092,47.013073,4.518247,3.879092,14.238,0.23,0.092,0.366,0.42776,0.19532,1.656649984,0.08312,65.055,2.016,
ONTO,282.91,17.29243136,24.27414,105.9588,15.437783,6.6003313,45.256,1.21,0.353,0.754,0.55492,0.2297,0.202947248,0.06825,76.547,1.587,
ORLY,90.68,73.356566528,24.83023,28.7873,3.9497278,-40.32014,19.524,1.89,0.081,0.103,0.51636004,0.2015,1.570733824,,,0.519,
PANW,350.9,285.983506432,85.23507,305.13043,26.963043,10.3108835,195.944,3.97,0.311,,0.71963996,-0.02465,3.579375104,0.048309997,7.698,0.893,
PAYX,126.01,44.819595264,19.73677,25.768917,11.29526,11.996383,29.702,2.19,0.125,0.434,0.67197996,0.38325,0.0,,123.967,,3.82
PCAR,129.94,68.395864064,18.207909,27.298319,2.4588852,3.365711,22.961,1.3,0.005,0.042,0.13715,0.12024,1.943650048,0.12755999,72.91,0.985,1.07
PDD,87.07,123.9351296,7.0925746,9.079249,0.280141,1.9470396,-3.158,0.82,0.11,-0.149,0.55979,0.18419,71.64284928,0.254,1.21,-0.005,
PEP,144.67,197.61922048,16.113043,18.960682,2.0393298,8.942944,12.631,1.55,0.064,1.37,0.54171,0.16836001,7.831875072,0.51508,238.949,0.361,4.13
PFE,27.97,159.419858944,9.660151,36.80263,2.5028238,1.8711532,8.355,2.72,0.026,,0.74716,0.27877,12.485624832,0.05014,74.253,0.28,6.13
PG,146.6,340.761903104,19.814856,22.111614,3.922381,6.3886347,14.64,4.15,0.015,-0.155,0.50873,0.22084999,13.280874496,0.30290002,64.49,0.377,3.01
PLD,143.36,139.3590272,42.10279,31.857779,14.430174,2.4925673,25.544,130.84,0.123,0.853,0.75549006,0.43030998,5.406941184,0.07749,63.823,1.324,3.02
PLTR,175.89,422.67394048,76.00336,150.33334,68.66114,43.237465,158.985,2.41,0.928,2.154,0.84796,0.47120997,2.159104512,0.38097,2.139,1.563,
PM,191.46,298.41211392,20.881731,26.29945,7.0140347,-34.766663,18.787,2.45,0.104,-0.075,0.67481005,0.40002,9.714374656,,,0.4,3.12
QCOM,158.53,166.493585408,15.539186,18.138445,3.7780206,6.058394,14.65,0.71,-0.04,-0.23,0.54226,0.18528,10.241000448,0.33754003,55.21,1.663,2.29
REGN,828.5,85.298208768,13.668875,20.482077,5.490818,2.620915,16.586,1.38,0.167,-0.045,0.44458,0.33106,3.065299968,0.14043,8.535,0.188,0.45
ROP,415.51,41.094303744,17.10452,17.305706,4.9629,2.1975007,15.961,1.78,0.085,2.33,0.69525003,0.27725,2.265687552,0.13066,60.531,0.737,0.88
ROST,241.52,77.475053568,27.047064,29.204351,3.160725,12.297353,19.537,2.82,0.133,0.705,0.34175,0.17616,2.15628288,0.42628,70.281,0.877,0.74
RTX,209.22,281.977946112,26.632347,36.76977,3.015807,4.2481217,19.832,2.61,0.145,0.287,0.20347,0.12696,9.880000512,0.12274,57.02,0.294,1.39
S,20.82,7.137172992,42.2621,,6.778165,4.944194,-25.462,,0.208,,0.73247004,-0.28803,0.268394256,-0.21356001,,0.751,
SANM,185.41,9.937485824,13.322221,33.168156,0.7785941,3.8822815,12.601,0.65,0.697,0.683,0.090150006,0.0704,-0.222215744,0.12488,88.161,1.601,
SHW,346.73,84.17153024,25.47019,31.956682,3.4481971,21.707256,20.892,2.58,0.075,0.143,0.48981997,0.18124,2.506037504,0.65124,389.958,1.093,0.92
SITM,580.97,17.403256832,38.926693,937.04834,37.34174,15.026121,390.35,3.82,1.265,,0.58714,0.10623,0.0247475,0.013259999,129.419,2.865,
SNPS,394.51,75.540512768,22.85095,90.07078,8.703445,2.4780624,49.839,2.14,0.419,-0.96,0.82598996,0.10383,3.538958592,0.03824,35.574,1.213,
SO,90.1,103.647707136,18.294563,21.710842,3.4344313,2.6193383,12.568,2.26,0.001,0.304,0.48289,0.29612,-3.913374976,0.114829995,182.058,0.327,3.42
STX,794.65,180.103069696,14.351273,3056.3464,14.791763,162.83812,43.279,0.49,0.485,1.488,0.45576,0.4307,1.943750016,3.7152898,179.88,2.102,0.35
TEAM,171.33,43.370274816,25.383614,,6.5989413,41.017475,99.647,1.8,0.276,,0.85643,0.122609995,1.655499904,-0.04478,116.483,1.038,
TLN,305.535,14.639483904,9.930265,,3.9132543,9.056377,41.98,,1.112,,0.42101002,-0.04797,1.261750016,-0.12825,584.137,1.673,
TMO,628.74,232.474918912,22.854895,33.87608,5.0171556,4.4130464,23.11,2.05,0.105,0.094,0.40987998,0.18751,6.237250048,0.13515,80.575,0.847,0.3
TMUS,182.62,195.89128192,12.648092,19.122513,2.1248877,3.4885764,9.134,0.84,0.079,0.053,0.63054,0.2522,11.335999488,0.17994,214.035,0.327,2.23
TSLA,348.95,1378.194685952,161.6572,320.1376,13.300598,15.864969,130.762,5.32,0.255,-0.03,0.18852,0.014099999,4.835999744,0.046669997,18.373,1.827,
TSM,410.12,2127.076655104,18.829021,30.583147,0.4790182,84.42054,4.728,1.0,0.36,0.774,0.6423,0.60344005,730.82601472,0.39969003,16.504,1.258,1.04
TTD,13.27,6.235310592,13.332262,15.79762,2.0852919,2.547514,7.367,1.12,0.03,-0.236,0.76872003,0.14205,0.582992768,0.15441,16.863,1.037,
TTWO,233.5,43.659935744,22.66757,,6.529565,12.3303585,59.912,3.28,0.02,,0.57126,0.0051499996,1.256137472,-0.09039,81.607,0.983,
TXN,258.94,236.476350464,24.632826,39.352585,12.156292,13.128835,26.101,1.17,0.228,0.518,0.58325,0.42576998,3.545250048,0.35176,78.036,1.325,2.15
UNH,398.76,357.924929536,17.773722,25.61079,0.7944601,3.6657138,14.974,1.2,0.004,0.615,0.19723,0.071329996,24.27225088,0.14152999,69.211,0.632,2.38
UNP,309.86,184.080236544,21.890543,25.089876,7.244401,9.473523,16.459,3.41,0.115,0.066,0.56285,0.40982,4.72075008,0.39696,150.772,0.965,1.84
V,382.41,713.977561088,25.503063,32.517857,16.048767,20.265501,22.273,1.68,0.144,0.102,0.97725,0.66130996,20.404000768,0.6119,67.821,0.759,0.72
VIAV,36.95,9.117406208,18.94182,,6.0050097,6.30116,34.591,1.34,0.525,3.265,0.6089,0.14308,0.158712496,-0.02728,48.243,1.234,
VRSK,189.55,24.671072256,21.796751,29.116743,7.919385,-21.26669,18.782,1.78,0.044,-0.034,0.70179003,0.45106998,1.055550016,,,0.664,1.07
VRT,254.97,98.1604352,28.022408,57.555305,8.5508585,20.63031,37.732,1.23,0.241,0.53,0.38039002,0.20362,2.6965376,0.43943,70.166,2.077,0.1
VRTX,547.59,138.792681472,24.955624,31.92945,11.019492,6.8516417,26.083,1.9,0.125,0.08,0.54957,0.38055,2.627887616,0.23542999,9.767,0.305,
WDAY,199.15,49.184763904,15.756023,62.23437,4.99135,7.4201717,32.311,0.79,0.135,2.48,0.75766,0.13297,3.118749952,0.10858,56.936,1.054,
WELL,240.01,172.944490496,75.71293,108.11261,13.550229,3.717454,57.301,3.66,0.391,0.356,0.39560002,0.16561002,2.756164352,0.03836,41.375,0.763,1.42
WFC,84.72,256.193216512,10.72348,12.313953,3.0856986,1.5926608,,1.58,0.095,0.25,0.0,0.37387002,0.0,0.12575,,0.92,2.39
WMT,106.49,847.455780864,33.020157,38.583332,1.1516849,8.988015,18.995,3.95,0.059,-0.091,0.25231,0.04993,8.984500224,0.22313999,70.378,0.605,0.95
XEL,77.33,48.302972928,17.027678,21.186302,3.304801,2.027477,14.257,2.07,-0.051,0.24,0.46825,0.22700001,-7.907999744,0.0992,173.135,0.405,3.11
XOM,164.05,674.559164416,15.36476,21.086119,1.8682743,2.6006658,10.56,1.29,0.441,1.128,0.29767,0.15859,20.671000576,0.12584,15.921,0.173,2.5
ZS,176.06,28.470577152,38.290478,,8.9711685,12.030065,-455.934,1.98,0.254,,0.76737,-0.03276,1.10881856,-0.037100002,78.939,0.917,
A,153.43,43.3335296,23.215662,30.809235,5.991915,6.0798063,23.147,1.42,0.1,0.6,0.52641,0.23706,0.930625024,0.21330999,49.733,1.229,0.64
ACGL,101.14,34.51191296,10.356148,7.913928,1.7932996,1.4804298,6.186,1.05,-0.105,-0.071,0.38758,0.26584998,4.302125056,0.19936001,17.836,0.288,
ACN,186.53,114.145558528,12.714926,14.8985615,1.5614861,3.5787878,8.747,1.35,0.056,0.09,0.32013,0.16964,12.089380864,0.24406,25.035,1.074,3.52
ADM,78.16,37.669961728,13.752962,21.355192,0.4588329,1.5981352,15.776,1.04,0.072,3.156,0.0687,0.04008,1.164625024,0.07642,39.134,0.612,2.59
AEE,107.16,29.666525184,18.447714,18.866198,3.5271103,2.167169,13.122,2.82,-0.062,0.119,0.52408004,0.25236,-1.786249984,0.11943,157.846,0.476,2.83
AES,14.75,10.523219968,6.2034216,5.5243444,0.8058125,2.1284273,12.164,0.81,0.199,,0.2027,0.18673,-3.08912512,0.095740005,256.886,0.952,4.77
AFL,118.2,59.2587776,15.62781,12.750808,3.2795825,1.95851,10.788,1.18,-0.01,0.468,0.50888,0.25722998,5.152249856,0.16908,53.365,0.595,2.1
AIG,77.38,40.461471744,8.809528,14.120438,1.5132006,0.9999224,4.721,0.62,0.005,-0.101,0.35087,0.19414,7.365000192,0.0722,22.466,0.517,2.63
AIZ,287.81,14.195873792,12.342963,13.784004,1.0549691,2.3307474,8.165,2.16,0.094,0.305,0.13272999,0.11734,2.149574912,0.18341999,36.211,0.543,1.24
AJG,271.99,69.722185728,18.272585,45.031456,4.6146126,2.9392884,18.742,0.87,0.309,-0.107,0.43186,0.1916,2.082300032,0.06722,59.401,0.502,1.06
AKAM,105.66,15.185097728,14.746294,38.28261,3.5127645,3.195041,20.236,1.31,0.054,-0.268,0.57452,0.076290004,0.710060096,0.08918,196.672,0.645,
ALB,141.51,16.698894336,12.302178,524.1111,2.8265345,2.0767536,13.333,0.79,0.311,,0.23959999,0.2771,1.334340224,0.02648,18.976,1.317,1.14
ALGN,159.64,11.340803072,12.721788,27.715277,2.739634,2.6872253,11.61,0.77,0.043,-0.121,0.70365,0.18247,0.584361344,0.10155,2.855,1.653,
ALL,260.19,65.791111168,9.452665,5.2110953,0.9380371,2.0850062,3.97,3.04,0.118,0.612,0.36800998,0.22827,15.15862528,0.46113998,22.261,0.156,1.7
ALLE,162.63,13.829532672,16.63872,21.370565,3.2247949,6.52949,14.966,2.32,0.127,0.162,0.44801,0.22102,0.484449984,0.3373,104.895,0.845,1.31
AMCR,47.91,22.150981632,10.647756,20.13025,0.9423544,1.8772041,10.317,1.09,0.259,,0.19951999,0.09691,1.504,0.09396,128.294,0.593,5.35
AME,242.33,55.556878336,26.874971,35.376644,7.062984,4.933629,22.688,3.06,0.15,0.142,0.36905998,0.26182,1.492221312,0.14562,20.522,0.997,0.57
AMP,561.13,49.566416896,10.860204,13.557139,2.500322,7.7962875,,1.78,0.116,0.117,0.54932,0.30719998,2.903124992,0.63432,67.578,1.137,1.22
AMT,178.39,83.122618368,25.447786,24.50412,7.5970035,22.346237,18.691,1.64,0.047,1.385,0.73774004,0.45411,2.920012544,0.33914003,438.721,0.894,3.97
AON,359.1,76.174245888,16.824148,19.785124,4.3337455,7.931705,15.291,3.02,0.022,-0.03,0.48154,0.23457001,3.19087488,0.44699,163.481,0.676,0.92
AOS,62.72,8.524186112,15.332752,17.470753,2.240318,4.6280994,11.572,1.66,-0.007,-0.15,0.38592,0.18929,0.484612512,0.27133,36.766,1.157,2.28
APA,42.96,15.051101184,10.225308,9.063292,1.7558447,2.14564,3.42,0.82,0.092,0.263,0.78255,0.56331,2.146749952,0.26659,48.854,0.348,2.3
APD,306.24,68.195217408,21.214674,,5.411374,4.9118643,18.9,2.2,0.046,,0.32056,0.25536,-1.497500032,0.00023,110.091,0.75,2.37
APH,155.55,191.790579712,24.014303,38.8875,6.610824,12.376671,21.885,1.09,0.55,0.593,0.38952,0.29779,3.818374912,0.38115,120.415,1.251,0.64
APO,132.79,78.418223104,12.372123,47.256226,2.2028828,3.900655,,0.61,0.638,0.637,0.36141998,0.21952,0.0,0.11412,100.969,1.508,1.7
APTV,47.34,9.829361664,7.2698574,21.420815,0.48825982,1.1269282,4.623,0.95,0.023,-0.353,0.19251,0.12675999,1.615874944,0.05158,64.938,1.36,
ARE,54.04,9.30002944,-66.71605,,3.2742813,0.5931748,14.388,3.24,-0.119,,0.68198997,0.17282,1.344973952,-0.040760003,68.67,1.169,5.38
ARES,140.01,46.181822464,19.467653,64.22477,7.7129173,12.692411,35.843,1.33,0.058,0.065,0.37407002,0.19381,2.159716096,0.14941,172.378,1.507,3.82
ATO,167.82,28.359661568,18.609985,20.002384,5.762372,1.8586365,14.48,2.01,0.048,0.233,0.62212,0.37223998,-2.220956928,0.09792,67.662,0.602,2.4
AVY,183.69,13.921524736,16.421068,20.07541,1.519287,6.002549,11.583,1.92,0.109,0.108,0.28978002,0.13586001,1.0046,0.3116,158.653,0.812,2.18
AWK,139.91,27.804174336,21.308903,24.247835,5.261956,2.3835566,14.675,2.62,0.062,0.086,0.61469,0.40664002,-1.785374976,0.10095,137.745,0.577,2.64
AXP,337.33,227.802251264,16.771164,20.493925,3.2124188,6.6423154,,1.57,0.128,0.11,0.62338,0.2032,0.0,0.34377,172.38,1.055,1.13
AZO,3009.44,49.130176512,17.181982,20.679173,2.45818,-17.691038,14.331,1.34,0.084,0.077,0.51754004,0.19082001,0.903784256,,,0.344,
BA,210.46,166.341279744,51.072113,75.70504,1.7683892,27.275791,-68.409,89.29,0.08,,0.0471,4.0000003e-05,5.625375232,1.73537,790.875,1.221,
BALL,64.42,17.052189696,14.243484,18.458452,1.1972358,2.9666128,11.529,1.23,0.197,0.092,0.1863,0.09232,0.379875008,0.17151,131.495,0.956,1.26
BAX,26.49,13.695223808,13.008249,,1.1940038,2.2067645,11.204,36.68,0.053,0.368,0.34098,0.14425999,1.000374976,-0.14371,156.449,0.595,0.15
BBY,87.48,18.43790848,12.345993,16.2,0.44046602,5.9786773,7.767,1.64,0.019,0.379,0.22518,0.0404,1.143750016,0.39104,134.09,1.317,4.47
BDX,190.74,51.955060736,14.349457,33.0,2.310757,2.1279159,11.174,1.11,0.054,-0.314,0.46936,0.15732999,4.478374912,0.06607,68.84,0.258,2.19
BEN,34.62,17.589620736,10.937524,23.55102,1.8864685,1.4968221,11.671,0.43,0.143,1.067,0.37707,0.12979001,-2.990862592,0.07887,24.805,1.574,3.85
BF-B,28.75,13.192347648,16.906296,18.79085,3.3585405,3.2804656,12.956,2.14,0.02,-0.627,0.6054,0.23246,0.739625024,0.17846,64.95,0.34,3.25
BG,110.16,21.163843584,9.713198,23.74138,0.23049526,1.3265576,12.623,1.37,0.883,0.33,0.049239997,0.04617,-6.475375104,0.071779996,97.995,0.65,2.55
BIIB,218.12,32.228102144,13.190024,38.67376,3.2138436,1.7092704,11.64,1.53,0.034,-0.848,0.78322,0.25058,1.26698752,0.04575,44.329,0.162,
BLDR,70.22,7.555423232,15.723172,76.32609,0.5229136,1.8863668,12.447,2.02,-0.088,,0.29188,0.033269998,0.46457712,0.02506,130.786,1.418,
BLK,1172.61,190.521212928,18.234306,28.086466,6.9790545,3.1546874,16.838,1.12,0.306,0.196,0.47152,0.35079,7.5781248,0.122779995,23.192,1.425,1.98
BMY,67.28,137.433833472,10.259288,14.819383,2.7941656,6.1583524,9.026,2.37,0.057,1.531,0.71661,0.34418,8.114375168,0.46598998,201.859,0.225,3.76
BNY,162.14,110.01266176,15.8250065,18.919487,5.137178,2.7564986,,1.31,0.131,0.269,0.0,0.40046,0.0,0.14124,,1.049,1.4
BR,185.45,21.145341952,16.020464,19.317707,2.8687181,7.44271,13.206,1.98,0.075,0.084,0.31780002,0.24609,1.194499968,0.40916002,123.939,0.889,2.39
BRO,74.62,24.968626176,15.473239,23.840256,3.747355,1.9569893,10.917,1.51,0.324,0.071,0.56281,0.41838002,1.642749952,0.10023,63.975,0.581,0.91
BSX,49.01,71.026737152,14.274896,19.842104,3.38287,2.844127,14.94,0.72,0.075,0.151,0.69189,0.22895999,2.451375104,0.15338999,50.151,0.566,
BX,143.64,171.692572672,19.176163,32.134228,11.088882,12.746472,,1.69,0.286,0.573,1.0,0.54357,0.0,0.31374002,68.185,1.546,3.65
BXP,69.99,12.659610624,33.45666,37.629032,3.9682562,2.1658,18.082,3.09,0.037,-0.232,0.56452,0.28755,0.880636864,0.05308,211.631,1.039,4.14
C,131.72,220.951969792,10.224096,14.193966,2.7040334,1.1480068,,0.71,0.155,0.61,0.0,0.36229,0.0,0.08529,,1.102,2.04
CAH,232.37,54.043619328,16.512417,32.139694,0.21256262,-18.780409,13.826,1.15,0.058,0.688,0.03844,0.013300001,4.752500224,,,0.521,0.9
CARR,59.97,49.434775552,18.14024,42.835716,2.2530265,3.763414,19.767,1.43,0.039,-0.118,0.24691999,0.13069001,0.861750016,0.08966,91.998,1.309,1.59
CASY,854.21,31.609966592,36.20436,44.629574,1.7999992,7.977307,22.303,3.63,0.145,0.66,0.24606001,0.05351,0.550939648,0.19153,73.514,0.615,0.31
CB,345.83,133.421162496,11.880338,12.2504425,2.15557,1.7694039,10.352,2.69,0.061,-0.007,0.31129998,0.23527001,10.488000512,0.14822,30.941,0.389,1.2
CBOE,308.09,32.17415168,20.271265,23.994547,6.3568945,5.725835,15.866,2.56,0.229,0.502,0.54078996,0.34634,0.678249984,0.26297,28.09,0.415,1.14
CBRE,151.93,43.995172864,16.737207,34.76659,1.0065012,5.243666,24.452,1.0,0.155,-0.042,0.18574,0.03608,1.63762496,0.15798001,117.789,1.193,
CCI,76.4,33.386801152,26.459976,31.183674,7.8117747,-9.9531,20.256,0.92,-0.049,-0.675,0.73732,0.46825,1.036249984,,,0.97,5.63
CCL,25.71,35.213676544,9.746684,11.58108,1.2893587,2.7200592,8.105,0.89,0.053,-0.065,0.55676997,0.12787,1.899374976,0.26689,201.556,2.338,1.75
CDW,132.51,16.566057984,11.100378,15.926682,0.7049266,6.798871,11.55,1.33,0.1,0.049,0.21360001,0.07345,0.67678752,0.44009998,263.278,0.94,1.84
CF,129.24,19.558940672,12.354022,9.587538,2.5273216,3.4084976,6.176,0.44,0.176,0.996,0.42486,0.49325,1.276749952,0.29867,40.504,0.398,1.85
CFG,70.23,29.579247616,10.76368,15.300653,3.6244636,1.2331654,,1.65,0.147,0.413,0.0,0.35132998,0.0,0.08270001,,1.006,2.63
CHD,102.53,24.320516096,25.377396,32.86218,3.9043386,5.592037,18.903,3.0,0.016,0.09,0.45562,0.18065001,0.939262528,0.17041,55.851,0.471,1.24
CHRW,142.86,16.69337088,19.049982,27.263361,0.9821645,10.279177,19.694,1.94,0.193,0.238,0.08447,0.05337,0.480618368,0.37123,121.188,0.946,1.78
CHTR,150.3,20.257056768,3.4079537,3.9110072,0.37239975,1.0575422,5.458,0.94,-0.017,0.161,0.55189997,0.23503,2.198374912,0.27201998,441.578,0.678,
CI,280.45,74.106249216,8.378232,11.603228,0.2624326,1.735211,7.7,0.83,0.067,0.102,0.091359995,0.03985,7.980125184,0.16758,74.29,0.321,2.25
CINF,171.21,26.27697664,18.957571,8.079755,1.8831143,1.5754024,5.684,2.19,0.316,0.855,0.31066,0.37202,2.984875008,0.21484,5.255,0.554,2.23
CL,92.55,73.778348032,22.529104,36.437008,3.5054095,312.6689,15.922,1.75,0.049,-0.055,0.60431,0.20966,3.458374912,2.67367,1388.163,0.327,2.33
CLX,107.17,12.960176128,17.042599,22.280664,1.9285977,144.0457,16.245,1.34,-0.02,-0.501,0.42321,0.12885,0.110375,1.6376,2221.429,0.541,4.69
CMCSA,27.02,95.88416512,7.459493,8.660257,0.7676629,1.06752,5.23,142.98,-0.012,-0.668,0.6939,0.17233999,12.697624576,0.114879996,100.474,0.647,4.92
CME,279.165,100.381949952,21.590187,23.65805,14.855555,3.7819037,21.058,4.82,0.008,0.025,1.0,0.65036005,2.90901248,0.15802,14.587,0.267,1.89
CMG,38.02,48.111194112,27.769663,35.2037,3.8725152,21.913546,22.609,1.99,0.093,-0.013,0.39361998,0.16108,1.116464384,0.49560001,246.35,0.937,
CMI,571.62,78.691770368,16.566761,29.208994,2.2725973,6.1253095,17.196,1.33,0.094,0.047,0.25772,0.11896,2.229374976,0.21114,59.586,1.246,1.5
CMS,68.42,21.454948352,16.459658,20.608433,2.398307,2.2467408,13.69,2.64,-0.005,-0.439,0.40315,0.17167999,-2.19887488,0.09158,185.604,0.339,3.34
CNC,65.65,32.430772224,12.357601,,0.17986718,1.4373919,4.616,0.88,0.046,,0.11415,0.0376,9.639624704,-0.20358999,71.082,1.105,
CNP,39.1,25.755961344,18.737719,23.27381,2.677335,2.1974933,12.903,1.87,0.107,0.233,0.47027,0.24489,-5.191875072,0.09825,210.256,0.461,2.48
COF,216.27,132.678377472,8.996919,11.915703,2.7578812,1.2884028,,0.23,11.11,,0.0,0.33629,0.0,0.09031,,1.016,1.47
COIN,179.48,47.353450496,62.102516,,7.835107,3.619643,67.304,10.58,-0.173,,0.8581,-0.13922,2.668452864,-0.07847,50.982,3.361,
COO,75.8,14.783322112,15.171379,64.2373,3.494049,1.7931492,19.69,0.72,0.079,,0.65550005,-0.02866,0.424275008,0.02853,33.093,0.823,
COR,323.77,61.784109056,16.361887,24.018545,0.18566537,20.250813,13.076,0.67,0.051,0.119,0.03961,0.014149999,2.043314048,0.96871,446.516,0.573,0.75
CPAY,413.92,27.177822208,13.24775,25.19294,5.4133673,7.672716,12.617,0.95,0.215,-0.07,0.80539,0.4692,1.946175872,0.29215,275.291,0.869,
CPT,109.15,10.97387008,100.13761,36.0231,6.9372854,2.9438736,17.828,9.17,-0.008,-0.757,0.61619,0.16104001,0.139679632,0.07885,125.648,0.789,3.94
CRH,95.79,63.727599616,14.478888,16.924028,1.6496065,2.6539035,10.545,1.88,0.056,0.139,0.3625,0.19022,2.019124992,0.15812,77.592,1.204,1.64
CRL,298.58,14.381919232,23.536219,,3.5643706,5.0184884,20.001,0.12,-0.027,,0.34585,0.15113,0.468856,-0.07516,105.047,1.376,
CRM,209.06,171.220140032,13.471914,24.196758,3.9977617,5.001316,15.667,0.87,0.133,0.522,0.77643996,0.218,16.552999936,0.16908,124.282,1.152,0.84
CSGP,32.84,13.306689536,19.034481,182.44444,3.7420387,1.6759378,32.928,0.64,0.184,12.61,0.78683996,0.082159996,0.4127,0.00894,14.537,0.731,
CTSH,62.2,28.017631232,9.850985,13.34764,1.3594215,1.943993,7.164,0.99,0.045,0.038,0.3344,0.17479,2.215500032,0.14924,14.479,0.809,2.13
CTVA,82.81,55.250501632,20.09454,50.187878,3.1018696,2.195445,13.409,1.31,-0.012,-0.099,0.4954,0.3013,2.417250048,0.04256,19.191,0.569,0.88
CVNA,72.33,107.63227136,32.053783,38.269844,4.2953258,12.91146,21.516,,0.524,0.615,0.19371,0.09219,0.424375008,0.58773,110.88,3.488,
CVS,94.11,120.363900928,11.06298,24.831135,0.29168874,1.5090195,10.882,0.25,0.071,1.888,0.13645001,0.03861,8.076000256,0.06205,95.503,0.596,2.86
D,66.61,58.585223168,17.462086,23.048443,3.2333586,2.0986137,14.134,2.84,0.176,-0.58,0.46222,0.29219,-9.181124608,0.08281,160.459,0.63,4.01
DAL,82.48,54.240751616,9.413946,81.66337,0.7943057,2.472941,9.367,0.21,0.187,-0.254,0.187,0.07921,2.817374976,0.20125,96.649,1.311,0.94
DD,136.67,18.456324096,17.159315,58.909485,2.6406844,1.3403882,12.78,1.72,0.04,1.496,0.35132,0.14239,1.835250048,0.01792,22.902,1.09,1.73
DECK,92.08,12.539625472,11.010337,13.09815,2.2686756,5.4698825,8.573,1.12,0.057,0.011,0.57804,0.15233,0.871420352,0.42558,20.521,1.167,
DELL,433.19,279.902420992,19.459305,884.0612,2.0887928,-200.27277,21.817,0.73,0.875,2.825,0.19212,0.088570006,5.4341248,,,1.401,0.57
DG,125.33,27.646124032,15.604495,17.727015,0.6418084,3.126216,12.3,1.77,0.034,0.124,0.30827,0.05919,1.882562304,0.1891,178.649,0.235,1.91
DGX,243.87,26.91675136,20.225233,25.916046,2.3284388,3.5691597,14.623,2.04,0.102,0.15,0.33192003,0.15248,0.909625024,0.14602,81.074,0.548,1.41
DHI,148.97,41.667100672,12.660122,14.201144,1.2493883,1.7557279,11.433,1.25,0.0,-0.048,0.21298,0.1299,2.413900032,0.12632,29.451,1.375,1.21
DIS,110.61,190.988828672,14.859226,22.806187,1.9318925,1.7390963,11.151,2.68,0.068,-0.483,0.37595,0.19301,4.86037504,0.0801,39.404,1.395,1.39
DLR,188.55,71.027007488,65.21288,91.52913,10.511562,2.612654,28.517,13.8,0.299,-0.587,0.56994,0.25882,3.768482048,0.02912,67.944,1.042,2.56
DLTR,136.75,26.27987456,17.673826,21.950241,1.3307681,7.541083,13.243,1.64,0.072,0.095,0.36991,0.09088001,1.44362496,0.33976,216.518,0.665,
DOC,21.63,15.334529024,-144.19998,61.8,5.1984873,1.921471,15.973,4.32,0.111,0.682,0.57648,0.1599,1.645113088,0.03039,108.653,0.997,5.7
DOV,203.62,27.423586304,17.487463,24.591787,3.2567399,3.5596657,15.033,1.66,0.069,0.141,0.40092,0.18691999,0.906472128,0.14914,42.316,1.156,1.04
DOW,31.44,22.710392832,17.280897,,0.5496356,1.4319549,10.112,38.89,0.197,,0.09787,0.11594,0.237624992,-0.0554,111.913,0.423,4.33
DPZ,349.01,11.545857024,16.724058,19.785149,2.2963965,-2.89808,15.893,1.71,0.043,0.068,0.28709,0.19084999,0.531496512,,,0.951,2.33
DRI,225.56,25.610479616,18.209957,21.605364,1.938587,11.656245,15.653,1.98,0.137,0.36,0.21667999,0.14142,0.790974976,0.53718,364.507,0.585,2.92
DTE,135.66,28.229228544,16.214666,21.499208,1.7144991,2.323582,15.466,1.9,-0.015,0.224,0.29347,0.13623999,-2.596624896,0.1103,229.06,0.396,3.45
DVA,176.5,11.260699648,10.372999,14.957627,0.8086323,-14.753824,9.076,0.54,0.052,0.558,0.32364,0.16061,1.042460032,0.88475,1241.986,0.87,
DVN,48.23,53.052997632,8.833398,10.484783,2.824823,1.3284671,7.278,2.92,0.642,0.44,0.50349,0.41077,0.782625024,0.11522,28.488,0.419,2.61
EBAY,107.08,47.650598912,15.904017,22.495798,3.9682379,10.418369,16.204,1.59,0.148,0.55,0.72052,0.2157,1.57962496,0.46611,153.012,1.355,1.19
ECHO,85.32,24.784668672,5.4564047,,1.691333,1.7506925,21.288,1.33,-0.04,,0.29540002,0.14279,-18.870501376,-0.33428,123.757,1.013,
ECL,286.98,80.448708608,30.472216,38.46917,4.7765303,8.000558,21.22,2.9,0.097,0.033,0.44210997,0.18521999,1.47482496,0.21956,138.023,0.89,1.04
ED,107.71,39.834243072,16.598425,17.71546,2.2519217,1.5495389,10.74,2.24,0.132,0.221,0.53372,0.16540001,-0.844875008,0.08962,110.113,0.263,3.3
EFX,194.63,22.866085888,19.182323,34.265846,3.548155,5.225387,14.585,1.92,0.106,0.007,0.55542,0.17305,0.947537472,0.14275,120.956,1.296,1.16
EG,376.79,14.44716032,6.305902,7.9609127,0.85867226,0.9450275,,0.97,-0.113,-0.115,0.15281,0.19132,2.064625024,0.12572,23.26,0.279,2.16
EIX,73.97,28.4646912,11.366832,7.633643,1.4655147,1.6314873,8.118,3.37,-0.041,0.551,0.61005,0.26899,0.082375,0.19734,228.042,0.651,4.9
EL,104.13,37.673701376,26.68146,208.26,2.5034022,9.898289,17.364,2.12,0.063,,0.75487,0.07003,1.812125056,0.04745,242.932,1.246,1.37
ELV,402.63,87.318085632,13.599856,17.823374,0.4341721,1.9452041,9.675,1.42,0.014,-0.131,0.2599,0.04559,4.306375168,0.11133,68.953,0.692,1.72
EME,764.9,33.73966336,20.814178,23.791601,1.8141774,8.2961855,17.021,0.39,0.198,0.348,0.19426,0.10618,0.9782816,0.40348998,13.432,1.147,0.21
EMR,157.57,87.892549632,21.771511,34.40393,4.7357244,4.312851,16.401,1.81,0.07,0.23,0.53161,0.26924,3.706249984,0.128,67.677,1.235,1.41
EOG,150.21,78.789533696,10.301197,11.680406,2.9941297,2.5993288,5.769,1.22,0.587,1.094,0.62636,0.40717998,4.478750208,0.22507,25.891,0.278,2.67
EQT,53.79,33.646508032,13.623205,12.480279,3.6202712,1.3320621,6.111,1.53,-0.039,-0.74,0.80748004,0.23372999,2.460903936,0.11078,19.595,0.578,1.23
ERIE,268.64,14.047151104,19.174875,24.377497,3.4099422,5.6938176,16.296,2.67,0.028,0.032,0.17904,0.19096,0.481207744,0.24808,2.56,0.3,2.21
ES,71.25,26.838075392,14.511851,18.506495,1.9172282,1.6421213,11.066,2.59,0.023,-0.854,0.52752,0.23923,0.811961344,0.09016,180.7,0.702,4.49
ESS,293.61,20.239384576,47.61812,45.733643,10.216914,3.5449014,20.677,7.02,0.031,-0.718,0.68771005,0.33975,1.04392672,0.0771,122.409,0.708,3.58
ETN,408.67,158.727438336,25.48819,41.658512,5.2849717,7.8368845,27.639,3.01,0.214,-0.159,0.36022,0.16563,3.106125056,0.19684,105.059,1.177,1.05
ETR,105.79,49.364946944,20.756243,27.056265,3.6614833,2.7080507,14.428,1.87,0.059,-0.019,0.47000998,0.24458,-4.400858112,0.10248999,186.77,0.486,2.45
EVRG,81.39,18.765860864,17.829018,20.709923,3.0794501,1.8355886,12.388,2.22,0.044,0.23,0.52696997,0.25238,-1.44336256,0.092539996,160.554,0.515,3.44
EW,90.5,52.1641984,26.794966,53.86905,8.001766,4.9144716,24.195,2.16,0.136,-0.254,0.77839,0.29839,1.232412544,0.09175,6.568,0.846,
EXE,96.33,22.300760064,10.847534,8.30431,1.8205811,1.1630547,3.766,1.06,-0.106,-0.455,0.47069,0.26323998,1.466249984,0.14893,19.207,0.319,2.39
EXPD,187.83,24.416139264,23.693174,27.340612,2.028592,11.526849,18.953,3.15,0.321,0.515,0.13549,0.107080005,0.79756224,0.4267,26.745,1.045,0.86
EXPE,339.125,40.702488576,14.019397,21.34204,2.592456,33.66005,13.296,1.0,0.14,1.887,0.90433,0.1898,3.434374912,0.89489,230.271,1.246,0.6
EXR,146.25,32.277747712,30.361916,32.213657,9.193019,2.3306031,19.758,6.34,0.038,0.06,0.74919,0.45882,1.499437568,0.06953,101.674,1.185,4.41
F,13.93,55.547211776,7.280615,,0.29550633,1.5550346,25.994,8.48,-0.038,,0.07115,0.018819999,-7.940250112,-0.18252,456.708,1.848,4.16
FDS,305.31,10.85851648,15.497293,20.112648,4.4530244,5.3747973,12.796,1.38,0.064,-0.096,0.51382,0.30542,0.621161344,0.27032,77.284,0.687,1.55
FDX,334.05,79.059755008,16.028725,17.998383,0.83466804,2.533311,8.975,1.37,0.125,-0.043,0.27318,0.11129,5.656625152,0.14846,135.697,1.36,1.5
FDXF,131.27,19.627245568,25.974771,29.97032,2.2316368,-39.49158,26.942,,0.048,-0.611,0.29278,-0.057719998,-0.511124992,0.69093,,,
FE,46.57,26.947262464,15.789652,99.085106,1.7227896,2.083296,10.514,1.63,0.088,0.083,0.68605006,0.19304001,-2.014625024,0.09491,200.908,0.45,4.05
FERG,236.45,45.74189568,18.80828,23.295567,1.4546081,7.376614,17.362,1.48,0.046,0.069,0.30633,0.10159001,0.0,,111.063,1.121,1.47
FFIV,379.04,21.463967744,20.96836,30.226477,6.4858913,5.5863585,22.124,1.37,0.109,0.114,0.81865996,0.24649,0.717135488,0.1983,6.546,1.033,
FICO,1166.4,25.191483392,21.991154,33.72073,10.524627,-6.148364,24.282,0.82,0.257,0.412,0.851,0.53787,0.774413504,,,1.321,
FIS,41.4,21.35022592,6.17656,6.359447,1.7539997,1.3320036,11.871,0.24,0.291,,0.35836,0.20669001,2.65312512,0.22348,132.51,0.813,4.26
FISV,52.96,28.16236544,6.518202,10.145594,,1.0452563,,,,,,,0.0,,,,
FITB,54.9,49.788403712,11.114688,18.484848,4.9302487,1.5408796,,2.08,0.518,-0.057,0.0,0.39078,0.0,0.08438,,0.923,2.92
FIX,1609.69,56.651956224,26.748598,39.686634,5.0455856,87.69763,30.204,0.73,0.01,0.388,0.25661,0.07885,1.841915392,0.55292,45.489,1.701,0.22
FOX,61.59,25.84625152,10.720627,16.039062,1.5091821,2.2224228,7.514,,0.281,0.031,0.36629,0.25214002,0.555374976,0.14291,64.06,0.541,0.95
FOXA,69.21,29.043986432,11.86167,18.023438,1.6959002,2.4973838,8.323,1.23,0.281,0.031,0.36629,0.25214002,0.555374976,0.14291,64.06,0.541,0.85
FRT,117.54,10.275150848,38.013737,23.745455,7.6503015,3.1866615,18.256,3.59,0.072,-0.456,0.68136,0.35035,0.456137632,0.12550999,134.114,0.929,3.97
FSLR,208.31,22.387032064,9.013906,12.842787,4.162651,2.1691954,9.009,0.58,-0.037,0.233,0.44015998,0.42641997,1.5986848,0.18509,1.88,1.746,
FTV,60.46,18.259951616,18.609203,31.989418,4.270795,3.0187738,17.316,0.98,0.079,0.04,0.6323,0.19137,0.939112512,0.07318,59.283,0.976,0.47
GD,383.77,103.831724032,20.690897,23.386349,1.8926327,3.864753,16.427,2.67,0.081,0.134,0.15375,0.1038,4.400124928,0.17803,35.335,0.328,1.66
GDDY,100.52,12.730627072,9.115393,14.936107,2.4941964,1896.6038,10.829,0.68,0.066,0.298,0.63802,0.27056998,1.204950016,4.42861,57334.33,0.918,
GEHC,74.19,33.510602752,13.712936,17.09447,1.5869662,3.0533378,11.829,2.06,0.058,0.168,0.39528,0.14976,1.573124992,0.19376,93.965,0.817,0.19
GEN,29.11,17.424867328,8.818326,17.023392,3.4307673,6.5651784,10.357,1.46,0.063,0.64,0.78007007,0.35554,1.547124992,0.41944,307.831,1.201,1.73
GIS,40.92,21.877037056,12.743693,,1.1873819,3.9520955,7.083,11.74,0.022,-0.145,0.33733,0.19194001,2.308499968,-0.01028,217.629,-0.047,6.1
GL,173.13,13.304945664,10.481141,11.511304,2.148746,2.167105,9.593,1.3,0.08,0.197,0.33905998,0.24642,1.16350336,0.20944999,55.675,0.472,0.77
GLW,145.55,125.3750784,33.68839,67.07373,7.375636,10.49917,33.418,1.14,0.166,0.185,0.36395,0.15649,0.734499968,0.16813,71.448,1.148,0.75
GM,86.98,78.669193216,5.857989,38.830357,0.4240287,1.2303385,11.107,0.35,0.019,-0.262,0.10177,0.03202,21.933750272,0.03164,202.341,1.329,0.82
GNRC,203.56,12.011334656,17.221323,46.795403,2.7059956,4.173963,20.894,0.85,0.106,0.92,0.39539,0.17932,0.289056512,0.09491,49.003,1.925,
GPC,135.69,18.706190336,16.338764,542.76,0.7461126,4.132984,11.975,1.32,0.06,-0.098,0.37564,0.06562,0.917241984,0.0070700003,146.415,0.646,3.17
GPN,94.3,24.953513984,5.8846145,44.691948,2.444806,1.0846062,9.76,0.27,0.686,-0.952,0.63959,0.16108,7.8677632,0.02428,98.273,0.775,1.07
GRMN,291.25,56.16830464,26.510315,30.025774,7.3218827,6.222759,23.545,3.6,0.114,0.353,0.60081,0.30438998,1.043656256,0.21886998,2.513,0.874,1.42
GWW,1321.9,62.262738944,25.89722,33.68756,3.3118083,15.071945,20.024,2.06,0.103,0.205,0.39395002,0.16072,1.247750016,0.46091,61.977,1.047,0.76
HAL,34.63,28.851306496,11.909593,18.130892,1.2930686,2.6232862,8.61,0.86,0.037,0.161,0.15076,0.12793,2.052249984,0.14917,74.186,0.753,1.92
HAS,95.41,13.457052672,14.620631,16.97687,2.7059143,19.112581,12.089,1.8,0.162,,0.63822,0.22157,0.688150016,1.5956,531.042,0.468,2.99
HBAN,17.04,34.427871232,9.07822,13.107694,3.7515388,1.1575302,,2.01,0.476,-0.029,0.0,0.41932,0.0,0.09002,,0.946,3.64
HCA,429.24,92.931104768,13.368293,14.389541,1.2205981,-14.085912,9.321,1.4,0.087,0.116,0.42580003,0.15161,3.738125056,,,1.109,0.73
HD,337.43,336.45707264,21.038593,23.596502,1.988799,20.184843,15.556,1.87,0.057,0.046,0.33206,0.14288999,11.190750208,1.0429599,376.524,0.959,2.78
HIG,138.98,37.645791232,10.152751,9.598066,1.2841818,1.9560596,6.73,0.12,0.081,0.361,0.37868,0.17615,5.507500032,0.22061001,22.33,0.458,1.76
HII,294.63,11.609777152,14.140043,17.547945,0.88052917,2.1855528,12.541,1.09,0.109,0.365,0.124,0.0708,-0.300249984,0.12968001,55.252,0.241,1.85
HLT,330.07,74.287177728,31.56692,48.611195,14.554698,-11.819029,28.031,1.58,0.025,0.141,0.79036003,0.62987,1.393874944,,,1.063,0.18
HONA,161.2,51.092779008,17.690413,49.14634,2.8519552,-8.96851,19.044,1.21,0.054,-0.709,0.34535,0.14684,0.0,,,,
HOOD,103.62,93.162913792,31.903004,45.84956,18.88948,9.826458,,2.45,0.323,0.476,0.9189,0.43884,0.0,0.23618999,240.279,2.321,
HPE,52.43,69.427994624,12.887353,48.999996,1.7896582,2.743159,15.424,0.85,0.4,,0.33776,0.087,3.836,0.06315,84.03,1.436,1.07
HPQ,28.58,26.137059328,9.535948,10.585185,0.45521465,-182.03821,7.286,24.43,0.09,0.162,0.20315,0.07114,3.45087488,,,1.194,4.04
HRL,24.09,13.257086976,15.424807,28.341175,1.0849447,1.6677052,10.244,1.68,-0.029,-0.051,0.15783,0.11057,0.47116976,0.05831,4.244,0.331,4.9
HSIC,89.51,9.975580672,14.922437,26.09621,0.74964637,3.173101,13.968,2.02,0.067,0.171,0.31319,0.057550002,0.446,0.088549994,80.733,0.808,
HST,23.19,16.110706688,22.070791,15.563759,2.584329,2.4865966,11.695,3.63,0.036,0.084,0.29195,0.18215,1.69237504,0.15558,85.298,1.122,3.45
HSY,189.94,38.163820544,19.247644,25.912687,3.1374629,8.364085,15.651,1.06,0.066,6.31,0.38377,0.23119,1.743636352,0.32808998,129.821,0.097,3.11
HUBB,466.76,24.66013184,20.402124,27.668049,3.9630485,6.3039045,19.799,2.18,0.153,-0.009,0.35338002,0.21666999,0.495812512,0.24444,141.642,0.899,1.21
HUM,386.61,46.424244224,23.3347,36.57616,0.3186749,2.4162972,10.132,2.15,0.262,0.271,0.13653,0.034649998,1.940999936,0.06893,76.485,0.74,0.93
HWM,263.29,105.00042752,41.01742,56.621506,11.5169935,18.373343,40.246,0.8,0.241,0.33,0.36032,0.28504,1.189874944,0.34732,81.368,1.212,0.21
IBKR,93.05,158.540038144,29.229021,36.924606,23.195324,7.1014276,,1.8,0.263,0.353,0.93036,0.76532996,0.0,0.24018998,205.748,1.343,0.37
IBM,231.04,217.670729728,17.553017,20.500443,3.150311,6.318092,16.953,2.41,0.011,-0.018,0.58098,0.16548,12.049750016,0.34460998,188.97,0.705,2.87
ICE,162.99,91.50169088,18.514711,22.956339,8.6665745,3.1295483,16.396,2.96,0.048,0.142,1.0,0.52626,3.633625088,0.14094,69.226,0.93,1.29
IEX,233.69,17.22760192,24.389736,33.57615,4.8050656,4.3146486,19.161,1.91,0.064,0.109,0.4473,0.2217,0.55561248,0.12955,47.06,0.976,1.25
IFF,85.81,21.894418432,21.692362,,2.0320556,1.5675063,14.258,1.87,0.018,-0.916,0.36583,0.08495,-1.720999936,-0.05548,44.821,0.943,1.9
INCY,127.98,25.94125824,14.31547,16.303185,4.4576206,4.0541053,11.023,30.83,0.377,0.377,0.55659,0.41899,1.180664576,0.30667,0.603,0.769,
INVH,30.46,18.094518272,44.586918,27.944952,6.353403,1.986824,17.526,13.14,0.101,0.605,0.56262,0.25115,1.168785536,0.070539996,94.425,0.836,3.99
IP,41.04,21.733548032,13.726671,,0.8979692,1.5033518,7.918,1.58,-0.022,,0.29608,0.02298,1.646499968,-0.16479,68.509,0.894,4.46
IQV,260.24,42.835501056,17.996971,130.12,2.5222576,6.9413986,18.724,1.07,0.087,-0.006,0.32968,0.13027,2.149750016,0.22818,257.975,1.175,
IR,79.99,31.036073984,20.419832,33.05372,3.9077427,3.0494452,17.386,0.72,0.085,,0.42821,0.16882999,1.107425024,0.0947,47.903,1.161,0.1
IRM,121.19,36.078604288,44.367565,85.34508,4.770743,-28.164072,22.131,2.7,0.185,,0.5421,0.19059,-0.436093504,,,1.217,2.83
IT,202.78,12.805349376,12.327591,18.219227,1.9811401,-78.052345,10.269,0.87,-0.006,0.331,0.69629997,0.22623,1.052553024,1.13581,,0.913,
ITW,283.95,80.8689664,22.905678,25.72011,4.910375,28.099953,18.571,2.83,0.061,0.101,0.44162,0.26900998,2.432999936,1.04618,334.853,1.005,2.44
IVZ,32.45,14.326668288,9.949929,,2.0755768,1.4381953,12.704,0.9,0.205,,0.2952,0.19950001,1.140787456,-0.0057300003,12.056,1.596,2.69
J,151.61,17.744224256,18.357277,50.20199,1.2590175,5.4398994,19.335,0.46,0.345,-0.254,0.22067,0.07387,0.645677888,0.07998,124.734,0.667,0.96
JBHT,259.88,24.406614016,25.69147,37.019943,1.9212769,6.6736856,16.29,2.57,0.194,0.458,0.18505,0.07423,0.903028352,0.18448,38.373,1.297,0.65
JBL,304.89,31.948535808,18.109259,38.15895,0.95113236,24.157358,14.772,0.82,0.118,0.276,0.092259996,0.05211,1.21162496,0.65876,297.136,1.304,0.1
JCI,142.99,86.614974464,23.700642,40.278873,3.465292,6.4244957,22.085,1.64,0.093,0.153,0.36651,0.15875,2.984124928,0.14332,70.107,1.317,1.12
JKHY,170.51,12.114869248,21.751497,24.428366,4.7615,5.687648,13.95,2.02,0.047,-0.102,0.43897998,0.21663,0.0,0.23572999,6.398,0.553,1.43
KEY,21.87,23.338102784,10.235458,12.789474,3.166206,1.3553545,,1.63,0.101,0.253,0.0,0.3471,0.0,0.1033,,1.032,3.75
KEYS,310.66,52.905398272,22.759125,41.981083,8.03789,8.379005,30.189,0.63,0.365,1.091,0.64692,0.24972999,1.923374976,0.20897,41.79,1.21,
KHC,25.67,30.440095744,12.269499,,1.2224938,0.8455483,8.516,0.99,-0.014,,0.33498,0.1549,3.250500096,-0.0876,52.591,0.083,6.25
KIM,24.22,16.24651776,27.091722,28.16279,7.4282227,1.5813528,18.336,3.37,0.049,-0.058,0.68933,0.36565,0.871483392,0.05806,84.993,0.968,4.66
KKR,107.32,99.119734784,14.5271635,34.17834,3.836925,3.4147894,,0.56,0.078,0.4,0.54767,0.2065,0.0,0.0728,69.812,1.786,0.72
KMB,111.37,37.03932928,14.871601,22.009882,2.2294173,21.164957,12.083,2.29,0.006,-0.323,0.37612998,0.19002001,0.941124992,1.04913,348.933,0.276,4.68
KMI,31.0,69.03087104,20.15985,59.615387,3.840392,2.180488,13.434,3.37,0.108,0.212,0.49407002,0.30065,1.075000064,0.109910004,98.619,0.554,3.81
KR,59.08,36.19520512,10.662604,34.54971,0.243501,6.385647,8.353,0.56,0.022,0.132,0.23979001,0.03224,2.994500096,0.13779001,373.449,0.409,2.49
KVUE,19.43,37.320630272,15.67125,22.858824,2.4221592,3.5352986,12.672,1.56,0.03,0.085,0.58437,0.19418,1.907500032,0.15581,81.617,0.431,4.41
L,111.45,22.78346752,38.43103,13.674847,1.2187582,1.1917492,8.004,1.32,0.039,0.156,0.36290002,0.14533,1.262,0.09313,44.609,0.518,0.23
LDOS,138.43,17.371885568,10.8295145,12.937383,0.9874379,3.2876549,9.918,2.46,0.072,-0.067,0.17795,0.11715999,1.146625024,0.27781,123.276,0.546,1.22
LEN,88.16,21.237315584,13.6038885,13.818182,0.6487205,0.9822732,11.157,11.3,-0.052,-0.315,0.16363001,0.052750003,1.077926016,0.07368,28.692,1.398,2.3
LH,339.34,27.520473088,17.139925,28.114334,1.9180703,3.1896453,14.646,1.41,0.058,0.282,0.28882998,0.1224,0.892049984,0.11728,79.124,0.843,0.86
LHX,262.83,48.942788608,19.524597,26.548485,3.8069997,2.5571847,30.774,1.53,1.9,-0.061,0.30414,0.097270004,0.0,,34.574,0.746,1.87
LII,399.1,13.793166336,15.158403,17.722025,2.6014044,10.63246,13.577,1.21,0.03,0.001,0.33330002,0.22856002,0.277737504,0.71757007,156.082,1.199,1.35
LMT,564.14,130.198298624,17.243256,20.809296,1.6905797,14.798279,15.167,1.17,0.105,4.438,0.11798,0.119569995,5.562625024,0.89165,234.238,0.11,2.45
LNT,68.42,17.740259328,18.563688,21.651897,4.0054774,2.3562229,16.232,2.24,0.01,-0.04,0.44502,0.19053,-1.138625024,0.11135,160.951,0.539,3.15
LOW,216.98,121.66221824,16.568495,18.357021,1.3460476,-16.367203,12.479,1.45,0.083,0.0,0.33082,0.13673,4.487374848,,,0.851,2.31
LUV,40.71,19.915665408,8.325034,25.443748,0.6622441,2.8122408,9.774,0.31,0.164,0.205,0.22399001,0.033800002,-0.834750016,0.11099,97.275,1.143,1.78
LVS,46.97,30.422525952,13.33076,18.205427,2.217547,52.363434,9.201,1.13,-0.007,-0.198,0.79335,0.19658001,2.212875008,1.22869,1703.902,0.835,2.55
LYB,65.2,21.062074368,10.158342,,0.6752396,1.9735448,9.422,1.53,0.198,3.96,0.12888,0.17924999,1.228,-0.02269,132.759,0.347,4.09
LYV,184.59,43.001995264,97.764946,,1.6367662,517.05884,29.859,17.9,0.094,1.562,0.25777,0.06696,1.695030656,0.17677,620.214,1.116,
MAA,133.16,15.84121856,40.602882,39.049854,7.1613812,2.84293,17.0,7.03,0.01,0.137,0.58392,0.25356,0.921182272,0.0705,102.377,0.72,4.66
MAS,73.21,14.43609088,15.708243,16.868662,1.8945001,-39.551594,11.7,1.9,-0.029,0.245,0.37205002,0.23645,0.897124992,58.625,,1.296,1.75
MCD,272.54,192.860635136,19.469425,22.157724,6.961975,-188.47858,16.445,2.53,0.037,0.057,0.57382,0.46485,6.262374912,,,0.419,2.75
MCK,873.79,101.875490816,17.283373,23.438574,0.24788249,-23.905396,15.516,1.63,0.077,-0.176,0.03633,0.01348,6.801249792,,,0.307,0.44
MCO,511.35,88.556101632,27.036518,32.466667,10.852464,29.275208,23.052,2.11,0.151,0.567,0.74974996,0.49473998,2.579124992,0.76932,240.682,1.33,0.82
MDT,92.9,118.910222336,14.49203,24.906166,3.2699983,2.4043689,13.86,1.84,0.099,0.183,0.65309,0.22045,4.625375232,0.098409995,58.214,0.566,3.09
MET,96.21,61.139234816,8.815817,18.431036,0.7700349,2.2359858,13.819,0.53,0.105,0.058,0.23951,0.055180002,-20.95399936,0.13094,179.933,0.763,2.51
MGM,43.69,11.178139648,21.119543,26.478788,0.6188736,4.372498,17.549,0.61,0.01,5.194,0.44157,0.067880005,0.878991104,0.18924999,893.311,1.296,
MKC,56.2,15.10945792,17.040373,9.351081,2.0457442,2.159877,13.832,2.15,0.167,-0.142,0.38853002,0.17422001,0.714025024,0.24728,65.143,0.627,3.47
MLM,533.11,32.02169856,24.77323,34.595066,4.7879333,2.7727153,18.046,2.65,0.21,-0.232,0.2823,0.20185,0.593374976,0.08894,54.945,1.106,0.63
MMM,179.01,92.319473664,18.307274,31.73936,3.666381,31.273584,15.444,1.8,0.025,0.328,0.39408,0.20354,6.350125056,0.81891996,437.937,1.08,1.74
MOS,24.0,7.629495296,14.945914,,0.6229227,0.6655205,7.98,2.02,-0.06,,0.11236,-0.00117,-0.746275008,-0.05073,52.249,0.821,3.61
MPWR,1285.03,63.150231552,36.931427,78.117325,19.293365,16.211004,63.273,1.32,0.476,0.858,0.55195,0.30989,0.444316128,0.21979,0.486,1.686,0.61
MRNA,138.89,55.449874432,-30.32321,,24.887735,8.196518,-24.642,,0.021,,-0.66023004,-5.5793104,0.299249984,-0.38998002,19.036,0.899,
MRSH,194.67,92.8987136,17.068007,23.740244,3.3241034,6.1276717,14.509,1.85,0.062,0.073,0.43994,0.26323998,4.785249792,0.25902998,145.027,0.579,2.06
MSCI,571.36,41.537871872,25.396767,31.204805,12.45977,-15.444667,24.032,2.21,0.122,0.196,0.82975,0.56298,1.19470592,,,1.222,1.46
MSI,481.52,79.688572928,25.235682,37.974762,6.5121007,29.824713,23.534,2.29,0.133,0.095,0.52112,0.27354,1.979000064,0.91567004,357.85,0.87,1.01
MTB,241.79,34.918404096,11.476745,12.799894,3.7078986,1.3735727,,1.61,0.062,0.255,0.0,0.45108002,0.0,0.10742,,0.573,2.5
MTD,1398.89,28.028944384,27.062508,31.527836,6.780308,2185.7656,23.549,2.85,0.045,0.183,0.60256,0.312,0.693589632,,16668.447,1.224,
NCLH,17.22,7.907214336,10.143732,10.436363,0.7787055,3.0733533,9.127,1.55,0.049,6.163,0.42457,0.14042,-1.680301312,0.3673,621.051,1.903,
NDAQ,98.79,55.22137088,21.120708,28.801748,9.836368,4.631288,18.989,2.08,0.149,0.141,1.0,0.49333,1.691500032,0.16521999,77.687,0.971,1.18
NDSN,333.93,18.605893632,25.801043,33.832825,6.244018,5.6896286,21.098,1.93,0.103,0.23,0.55391,0.27403998,0.613806656,0.17763,55.619,0.964,0.99
NI,40.83,19.580440576,18.115509,21.718086,2.8453739,2.0447717,12.945,2.32,0.046,-0.584,0.50971,0.17156,-1.772999936,0.085489996,146.649,0.554,2.95
NKE,40.75,60.452573184,17.785982,19.404762,1.3006195,4.0652432,12.677,1.58,-0.011,4.28,0.43245,0.12687,1.889250048,0.22138001,74.289,1.118,4.02
NOC,549.28,78.032379904,18.044697,17.459633,1.8192759,4.3632436,12.822,3.81,0.051,-0.058,0.2006,0.11604,2.478000128,0.26958,95.348,-0.108,1.79
NOW,128.05,132.38603776,25.58181,79.534164,8.986291,10.5774,47.159,1.15,0.24,-0.219,0.74768996,0.04063,5.149374976,0.14244,67.538,0.93,
NRG,111.78,23.497326592,9.983521,29.185379,0.70935327,5.5906773,14.673,0.55,0.11,,0.18795,0.12765999,0.772374976,0.23772,483.357,1.203,1.68
NSC,352.98,79.282266112,24.679638,30.143469,6.3223495,4.877975,16.75,4.65,0.114,-0.044,0.45159,0.35296002,1.382249984,0.16985,105.519,1.269,1.54
NTAP,186.86,36.668338176,18.635683,29.473185,5.2865844,27.10866,19.543,2.16,0.125,0.234,0.70744,0.27259,1.295250048,1.06734,202.295,1.433,1.08
NTRS,186.66,34.1505024,14.732067,16.036083,3.7587917,2.728389,,1.22,0.364,0.986,0.0,0.42496,0.0,0.17066,,1.259,1.78
NUE,244.64,55.502864384,12.778705,19.539936,1.5374328,2.5104156,10.709,5.21,0.23,0.938,0.15554,0.15668,0.683374976,0.14548999,30.512,1.892,0.92
NVR,6397.59,17.133724672,15.54232,16.630507,1.7701265,5.052415,11.025,4.97,-0.109,-0.226,0.2184,0.13889,0.91831328,0.31544,32.15,0.913,
NWS,35.05,18.9296128,23.18551,34.029125,2.0967672,2.2340493,15.11,3.1,0.108,-0.749,0.57167,0.12537,1.045124992,0.07979,31.561,0.911,0.58
NWSA,30.76,16.612694016,20.347685,29.864079,1.8401301,1.9606093,13.424,2.73,0.108,-0.749,0.57167,0.12537,1.045124992,0.07979,31.561,0.911,0.66
O,63.17,59.772592128,39.849358,46.10949,9.854506,1.5113163,17.243,2.97,0.096,0.692,0.9268,0.46965998,1.58208192,0.03225,74.722,0.72,5.19
OKE,93.02,58.63698432,14.781056,16.06563,1.4887377,2.5564075,11.974,2.01,0.528,0.142,0.27214,0.13254,0.899875008,0.16277,143.07,0.715,4.59
OMC,88.94,24.400328704,7.3842406,240.37839,1.1330792,2.5254133,8.981,15.97,0.634,0.588,0.18959999,0.15384,4.260624896,0.060510002,107.744,0.66,3.66
ORCL,142.45,410.323091456,13.05092,24.433962,6.0917664,10.92408,18.461,0.83,0.206,0.219,0.65822,0.36202,-24.53675008,0.53376,388.87,1.718,1.37
OTIS,72.19,27.480520704,15.809438,18.55784,1.8429698,-4.7811117,13.463,1.41,0.073,0.13,0.30313,0.15133001,1.436249984,,,0.879,2.46
OXY,60.11,60.088205312,15.747971,17.731564,2.5114188,1.7959902,5.881,0.87,0.534,9.649,0.73318,0.45443,3.788124928,0.10629,34.511,0.16,1.83
PCG,18.11,39.884865536,10.031463,13.028777,1.5437112,1.2339876,9.98,0.76,0.001,0.398,0.39823002,0.24788,-6.150125056,0.09318,189.45,0.278,1.14
PEG,73.53,36.648824832,15.737027,18.291044,2.9212766,2.1131132,13.595,3.61,-0.089,-0.427,0.33333,0.18872,0.10775,0.11835,142.409,0.527,3.69
PFG,111.89,23.956168704,10.806462,15.938746,1.5265317,1.9777635,10.524,1.06,0.064,0.028,0.47345,0.12336001,1.056374976,0.12949,35.307,0.88,3.03
PGR,223.92,130.180767744,13.75065,11.235323,1.4302592,3.7892814,8.684,62.6,0.073,0.05,0.18521,0.18208,15.114500096,0.34943,24.428,0.257,0.18
PH,1014.24,127.881863168,25.746515,35.64991,5.94827,8.302758,23.748,3.35,0.098,0.193,0.37546003,0.23458,2.961750016,0.25076,56.66,1.128,0.8
PHM,129.61,24.68893696,11.521124,13.239019,1.5047737,1.8691144,9.197,1.13,-0.096,-0.182,0.25565,0.15685001,1.078512896,0.14901,19.065,1.206,0.81
PKG,248.88,22.174783488,19.238752,32.280155,2.3257172,4.727784,13.098,1.98,0.147,-0.195,0.21385999,0.13121,0.432950016,0.14887,94.474,0.807,2.37
PNC,243.68,97.214595072,11.407043,13.418502,3.997475,1.696487,,1.91,0.236,0.249,0.0,0.38689,0.0,0.12623,,0.898,3.29
PNR,63.31,10.104275968,12.248846,16.31701,2.5502884,2.6956484,11.552,1.14,-0.17,-0.111,0.41388,0.2344,0.558312512,0.17126,47.067,1.03,1.65
PNW,97.71,11.84218112,17.550825,18.754318,2.1320922,1.6832911,13.185,3.45,0.071,-0.095,0.43352002,0.21341999,-0.929501376,0.09365,233.288,0.444,3.74
PODD,145.42,10.085487616,18.859116,27.283302,3.303035,7.091237,17.383,1.49,0.235,3.286,0.71075,0.16178,0.2369,0.26016,66.685,1.095,
PPG,113.23,25.171030016,13.0557165,16.245338,1.5328561,2.981306,11.589,1.79,0.072,-0.015,0.41202998,0.14016,1.104625024,0.19297001,86.938,1.063,2.6
PPL,35.04,26.369171456,16.55149,20.733728,2.805828,1.752263,12.215,1.36,0.042,0.212,0.44094002,0.23591,-1.93837504,0.086330004,135.434,0.589,3.32
PRU,122.67,42.321149952,8.281089,11.131578,0.64885855,1.332486,11.978,0.89,0.141,0.892,0.29015,0.075219996,7.527750144,0.12011,163.891,0.826,4.62
PSA,324.97,60.68676608,31.938585,31.008589,12.358712,11.790936,20.661,4.7,0.033,0.451,0.7442,0.45703998,2.334240256,0.21929,109.632,0.945,3.72
PSKY,10.35,11.612138496,12.037824,345.00003,0.39791968,0.9857143,8.225,1.09,0.009,-0.541,0.33328998,0.09345,17.593124864,-0.00896,126.479,1.471,1.93
PSX,241.96,97.01023744,11.383573,110.48402,0.6344812,3.064414,11.544,1.16,0.531,3.449,0.13098,0.08529,4.545375232,0.23452999,62.884,0.687,2.09
PTC,154.31,16.743601152,17.361238,14.952519,5.668165,4.923897,14.138,1.45,-0.068,-0.12,0.84501,0.28232,1.031425152,0.35053003,46.335,0.988,
PWR,616.78,92.728803328,31.402199,70.408676,2.8180645,9.616752,33.603,1.76,0.411,0.947,0.15456,0.07217,1.955491328,0.15337,67.78,1.219,0.07
PYPL,61.68,52.764827648,10.646469,11.659736,1.5579045,2.6825557,8.615,1.13,0.048,-0.031,0.40477002,0.16966,4.423124992,0.24497,71.751,1.298,0.91
Q,126.24,26.41048576,23.4728,45.085712,5.072357,3.6405585,20.194,1.93,0.221,-0.343,0.46219003,0.22323,0.772249984,0.06722,59.992,,0.25
RCL,293.0,78.363459584,14.445695,18.108776,4.1945972,7.6555276,14.577,1.37,0.065,-0.046,0.50284,0.2707,-1.516249984,0.44669998,224.816,1.779,1.71
RDDT,152.7,29.378947072,15.762596,35.429234,10.572401,8.938188,33.345,0.99,0.611,1.778,0.91442,0.28788,0.678068736,0.30712,0.635,2.034,
REG,76.69,14.337865728,30.421917,25.821548,8.5064335,2.1070418,18.059,2.61,0.089,0.089,0.71539,0.39643002,0.743363968,0.081870005,71.972,0.819,3.97
RF,30.63,26.094600192,10.77527,12.451219,3.6052225,1.4950213,,1.77,0.034,0.085,0.0,0.39314997,0.0,0.118669994,,1.012,3.6
RJF,176.68,33.940226048,12.45859,15.390244,2.2300832,2.6730006,,0.86,0.151,0.42,0.93156,0.19301,0.0,0.18416001,47.594,0.92,1.23
RL,370.82,22.094286848,17.730299,23.3661,2.6443756,8.12062,14.601,2.0,0.14,0.216,0.70268995,0.18395,0.880087488,0.37537,110.373,1.371,1.0
RMD,232.45,33.531447296,17.58656,22.265326,5.931155,5.107781,15.629,1.34,0.086,0.024,0.61618,0.30857,0.939248256,0.24269,12.542,0.748,1.14
ROK,429.69,47.81330432,28.966797,40.30863,5.317787,13.65656,24.7,1.93,0.079,0.404,0.49091998,0.20968,1.303874944,0.30629,103.347,1.535,1.26
ROL,37.26,17.927477248,28.648975,33.872726,4.568652,12.541231,21.693,3.19,0.079,0.031,0.52366,0.18799,0.501737504,0.37008998,78.015,0.744,1.98
RSG,223.08,68.30999552,27.687588,31.597734,4.044165,5.7352943,15.553,3.17,0.046,0.051,0.43035,0.20429,1.942625024,0.18152,118.798,0.396,1.21
RVTY,123.0,13.72512768,20.876259,59.134617,4.713605,1.8986464,18.541,0.77,0.013,0.012,0.54976004,0.17052999,0.604992128,0.03211,46.225,1.072,0.22
SBAC,185.07,19.633727488,22.55172,19.985962,6.8395376,-4.24064,18.727,11.52,0.023,-0.105,0.742,0.52165,0.752056384,,,0.979,2.74
SBUX,107.49,122.5385984,34.50102,62.132946,3.1962447,-15.964652,24.976,1.3,-0.014,0.857,0.22341,0.12919,3.065537536,,,0.966,2.32
SCHW,113.65,196.539006976,14.561999,20.701277,7.551931,4.4703617,,1.13,0.209,0.426,0.97495,0.52277,0.0,0.20273,151.106,0.75,1.14
SJM,125.87,13.453072384,11.687789,,1.4863794,2.4217412,10.556,2.17,0.058,,0.34257,0.18456,1.005774976,-0.02386,128.609,0.25,3.6
SLB,54.0,80.143736832,16.708954,26.341463,2.2038095,3.0737703,12.165,1.84,0.05,-0.297,0.16991,0.12706,2.955124992,0.12909001,47.002,0.749,2.19
SMCI,35.17,22.750523392,6.6035533,10.788343,0.58240485,2.1043499,10.22,0.91,0.932,4.094,0.108219996,0.13382,-8.23126784,0.21465999,64.308,1.967,
SNA,394.49,20.40583168,18.488108,20.137314,3.8684776,3.3773093,14.157,2.17,0.042,0.051,0.5183,0.25397,1.109474944,0.17932,21.595,0.723,2.48
SNDK,1493.12,218.621149184,5.6403403,20.248442,10.797173,14.137921,18.161,,3.716,,0.71474,0.78472,7.720875008,0.9164,1.277,,
SOLV,91.25,15.532914688,12.632135,11.155256,1.8691834,3.1866596,17.681,1.22,0.022,0.039,0.54777,0.09778,0.489,0.33960998,110.313,0.671,
SPG,220.73,83.79428864,32.98224,15.577275,12.072845,16.252853,19.609,4.58,0.195,-0.125,0.81426,0.46023998,2.595271168,1.20508,503.504,1.326,4.08
SPGI,435.42,128.361816064,21.515493,26.501522,7.9619036,4.0748677,17.671,2.14,0.104,0.177,0.70903,0.4479,5.448249856,0.14255,42.98,1.072,0.9
SRE,84.57,55.300354048,15.266639,24.513042,4.0806046,1.6915354,17.269,0.74,-0.001,0.713,0.43994,0.28328,-27.657750528,0.06679,84.663,0.576,3.17
STE,237.87,23.19235072,19.42254,29.07946,3.8413832,3.2181559,15.102,1.98,0.073,0.14,0.44422,0.19153,0.798862528,0.11389,28.312,0.914,1.08
STLD,229.27,32.860833792,12.101676,20.8049,1.5999489,3.495449,13.665,11.95,0.334,0.836,0.14652,0.114989996,0.234191248,0.17568001,46.924,1.532,0.93
STT,190.92,52.446060544,12.476009,16.865725,3.4910512,2.1942809,,0.79,-0.028,-0.241,0.0,0.27818,0.0,0.12437,,1.418,1.97
STZ,137.6,23.502680064,11.103992,13.104762,2.5950599,2.8579144,9.808,1.72,-0.033,0.307,0.5272,0.35931,2.210487552,0.2369,123.205,0.4,3.04
SW,48.69,25.5390208,14.463049,51.79787,0.81526595,1.4159832,8.606,0.26,0.011,,0.18160999,0.05466,1.215000064,0.02715,78.427,0.93,3.66
SWK,98.51,14.876649472,15.441892,24.085575,0.97566515,1.7058009,11.013,1.39,0.004,2.478,0.32213002,0.08443,1.419049984,0.06886,58.172,1.172,3.36
SWKS,66.86,10.06061056,13.44433,34.642487,2.505205,1.753567,11.344,9.51,-0.031,-0.686,0.40734002,0.08825,0.448812512,0.05094,11.869,1.51,4.13
SYF,80.02,26.036174848,7.613592,8.207179,2.6277933,1.7130134,,1.12,0.006,0.036,0.0,0.50219,0.0,0.20786,,1.311,1.71
SYK,327.81,125.739081728,19.564987,33.969948,4.8666286,5.241773,18.755,1.55,0.094,0.441,0.65588,0.27015,4.10762496,0.16508,64.391,0.771,1.07
SYY,83.86,40.130666496,15.596811,22.912567,0.47481656,15.052953,11.92,1.58,0.047,0.053,0.18496001,0.048449997,1.914,0.77692,564.591,0.636,2.62
T,25.69,176.037789696,10.020596,8.478548,1.3835207,1.6000249,7.554,1.68,0.023,0.062,0.59721,0.24786,10.142000128,0.18339,129.054,0.417,4.39
TAP,42.99,8.015654912,8.751662,,0.72320616,0.79399383,6.221,3.92,-0.033,-0.423,0.37013,0.11297,0.935137472,-0.19466,76.03,0.427,4.47
TDG,1199.08,66.280972288,24.774313,36.32475,6.7028623,-7.1384854,19.067,3.05,0.225,0.109,0.59824,0.46005002,1.457374976,,,0.906,
TDY,625.21,28.982030336,23.393396,30.24722,4.544026,2.6543689,19.578,1.4,0.098,0.212,0.43339002,0.20198,0.912675008,0.09154,18.565,0.92,
TECH,72.39,11.279133696,31.243122,62.405174,9.28294,5.4334607,31.862,0.97,0.013,,0.66243,0.23452,0.224372368,0.09032,13.712,1.277,0.44
TEL,202.41,58.600370176,15.683318,19.805285,3.0373096,4.4305573,12.856,0.88,0.138,0.192,0.36119,0.20775,2.336875008,0.23290001,43.441,1.162,1.53
TER,364.9,57.04873984,31.584787,50.05487,12.779646,18.169596,38.89,0.96,1.039,3.858,0.59242,0.33161,0.437381248,0.36465,2.883,1.793,0.14
TFC,50.81,62.070829056,10.182814,11.68046,3.2620783,1.0577043,,1.28,0.082,0.367,0.0,0.39815,0.0,0.09059,,0.87,4.13
TGT,169.89,77.162528768,17.879545,17.605183,0.71642476,4.3254323,10.311,2.82,0.053,1.005,0.2838,0.05901,3.447375104,0.26408002,106.989,0.973,2.8
TJX,140.71,155.44295424,24.387455,26.057407,2.4925508,14.946889,18.565,3.0,0.054,0.236,0.31467,0.10909,4.398750208,0.62171,134.419,0.616,1.37
TKO,193.42,36.608548864,48.506462,67.62937,6.904846,4.233404,14.475,1.56,0.182,0.144,0.59455,0.32388002,0.85614752,0.07063,59.216,0.648,1.61
TPL,373.45,25.758595072,5.107358,47.694767,28.699074,16.555103,35.371,7.33,0.312,0.327,0.93336,0.78177,-0.032836124,0.36566,1.077,0.633,0.63
TPR,132.16,26.35160576,14.89815,18.153847,3.2922223,39.18174,14.212,1.86,0.089,,0.76595,0.19823,1.399924992,1.97135,571.608,1.464,1.42
TRGP,294.26,63.098474496,24.3601,28.105062,3.7689857,20.145136,15.228,1.25,0.042,0.233,0.43192002,0.27803,0.0658375,0.70839995,515.794,0.716,1.67
TRMB,60.67,14.1470208,14.713585,,3.739729,2.4936292,17.378,1.67,0.11,,0.71773005,0.15134,0.686174976,-0.01939,28.553,1.356,
TROW,112.3,23.955372032,10.908144,11.275101,3.155344,2.1772428,7.481,2.81,0.107,0.286,0.51614,0.28688,2.023912448,0.19399999,3.702,1.483,4.66
TRV,370.55,77.287473152,12.266358,9.9637,1.5779716,2.3337615,6.955,2.36,0.003,0.571,0.34730998,0.23698,14.775124992,0.26511,27.378,0.457,1.38
TSCO,35.92,18.71576064,17.510334,18.708332,1.1882477,7.148258,12.705,1.92,0.023,-0.15,0.36499,0.120740004,0.103175,0.39513,248.71,0.452,2.74
TSN,57.87,20.358752256,12.92318,35.72222,0.36554658,1.1260946,10.081,1.04,-0.001,2.041,0.06554,0.02711,1.191250048,0.03263,44.025,0.378,3.49
TT,452.96,99.66170112,25.909426,33.752605,4.4872646,11.663104,23.927,1.83,0.106,0.071,0.35389,0.19251,3.121687552,0.36643,53.404,1.205,0.93
TXT,82.13,14.125284352,11.307952,15.467043,0.9334924,1.7533035,10.144,1.11,0.03,0.052,0.17628999,0.08701,0.452750016,0.12126,52.285,0.908,0.1
TYL,355.79,14.57040896,23.176163,46.752956,5.996899,4.794755,32.383,1.79,0.082,0.155,0.47205,0.14741,0.594435648,0.09731,47.906,0.809,
UAL,113.57,36.861382656,7.4016385,10.633895,0.5860129,2.207772,7.582,6.5,0.16,-0.172,0.31816,0.05534,0.910124992,0.23252001,201.641,1.292,
UBER,79.29,161.954594816,18.074142,17.388159,2.9325256,5.921583,22.93,8.74,0.122,0.855,0.40752,0.13317999,7.244749824,0.3716,51.872,1.154,
UDR,38.39,14.103112704,68.55357,24.297468,8.052909,4.259403,18.323,8.17,-0.001,0.909,0.66581,0.20177999,0.779827776,0.13739,156.144,0.691,4.58
UHS,176.4,10.39640064,7.34447,7.2,0.57392746,1.3836379,5.82,1.29,0.083,0.101,0.44607,0.1114,0.498316992,0.20948,68.74,1.063,0.45
ULTA,538.76,23.160922112,16.926771,20.178276,1.8225021,8.487751,12.966,1.81,0.111,0.155,0.43186,0.14168,0.973080128,0.47449002,89.209,0.852,
UPS,102.72,87.392280576,12.71358,19.092937,0.9717812,5.801751,9.217,1.59,0.076,-0.53,0.22413,0.09052,5.55774976,0.29602,189.9,1.038,6.43
URI,1083.56,67.443474432,18.948145,26.097303,4.0068603,7.322935,17.831,1.67,0.118,0.255,0.3848,0.25986,1.706249984,0.28895,166.793,1.799,0.72
USB,62.42,97.253572608,10.779595,12.459081,3.5596638,1.6041737,,2.08,0.104,0.216,0.0,0.39646998,0.0,0.12623,,0.977,3.35
VEEV,248.46,40.360660992,24.777195,43.975224,12.159697,5.542518,32.219,1.11,0.163,0.146,0.75021005,0.30932,1.259549056,0.13934,1.411,0.922,
VICI,26.78,29.486856192,8.956522,10.379846,7.196121,1.0155865,12.96,,0.057,-0.414,0.99271005,0.70182997,0.267028992,0.09849,60.277,0.687,6.79
VLO,346.0,99.622903808,11.293958,14.4347105,0.75226843,3.9847977,8.012,4.08,0.517,4.535,0.16118999,0.12269,8.416374784,0.27637,40.148,0.554,1.38
VLTO,99.37,24.225744896,20.787964,25.030228,4.253115,7.835515,18.385,2.55,0.075,0.101,0.60183,0.21370001,0.807124992,0.34312,115.978,0.752,0.53
VMC,275.94,35.755958272,25.567234,32.57851,4.405722,4.2182984,17.323,2.38,0.025,0.027,0.27506,0.21611,0.8436,0.13234,58.22,1.057,0.75
VRSN,290.785,26.286964736,26.483803,31.572748,15.391396,-11.661721,22.557,2.86,0.06,0.077,0.88465,0.68178004,0.832837504,,,0.703,1.15
VST,135.66,45.532270592,13.087508,22.876898,2.3699913,15.162625,10.274,0.39,-0.055,-0.062,0.38309,0.13766,0.037125,0.42962003,373.28,1.433,0.68
VTR,93.47,47.945097216,102.15301,169.94545,7.469261,3.2728736,25.628,1.72,0.217,-0.067,0.39970002,0.14807999,1.486853504,0.02012,84.928,0.731,2.15
VTRS,16.54,18.997694464,6.1983323,,1.2890892,1.3139498,7.189,1.05,0.049,,0.40307,0.12550999,2.6773376,-0.02754,95.535,0.893,2.94
VZ,50.15,208.361979904,9.497225,13.059896,1.5001403,2.0050378,7.803,0.93,-0.007,-0.22,0.59453,0.22999,17.466624,0.15842,184.081,0.231,5.72
WAB,297.62,50.271244288,23.920168,40.002686,4.1962643,4.487906,21.339,1.37,0.175,0.189,0.35735,0.19188,1.101374976,0.11553001,61.686,0.928,0.42
WAT,410.75,40.329838592,24.823246,104.25127,8.683754,2.6367822,31.189,1.79,1.134,,0.56337,0.09422,-0.142067632,0.019199999,36.045,1.184,
WBD,28.7,71.954825216,588.71796,,1.9923805,2.1920109,13.018,216.92,-0.112,-0.906,0.47811002,0.05105,16.167374848,-0.08786,94.199,1.565,
WDC,435.38,156.97231872,13.712958,16.173105,12.1505,20.816639,33.039,0.87,0.438,9.841,0.48851,0.43608,2.26875008,1.30853,13.436,2.217,0.13
WEC,107.58,35.054874624,17.933289,20.88932,3.4579747,2.5719,14.616,2.23,0.026,0.197,0.41909,0.21802999,-2.353637376,0.11988,157.985,0.462,3.59
WM,226.46,90.519502848,24.833212,31.985876,3.526688,9.125932,14.453,2.3,0.04,0.083,0.40601003,0.18986,2.34837504,0.29841,235.301,0.437,1.58
WMB,70.97,86.808199168,27.077555,28.2749,7.0444045,6.598178,16.924,2.35,0.078,0.512,0.63637,0.39540002,-1.516749952,0.21503,200.371,0.615,2.98
WRB,69.7,25.874556928,14.413006,14.341563,1.7370018,2.791573,10.026,4.63,0.012,0.15,0.43785998,0.16385001,3.045504768,0.20207001,31.527,0.294,0.58
WSM,237.77,27.99661056,23.034014,26.685747,3.551896,14.972922,17.467,3.1,0.044,0.043,0.46062002,0.16173,0.885462144,0.54007,79.878,1.47,1.28
WST,353.32,24.865163264,35.45695,45.297436,7.474199,8.318501,27.109,3.03,0.138,0.181,0.36786,0.22469,0.277937504,0.19087,10.585,1.138,0.25
WTW,350.75,32.574830592,15.32212,21.731724,3.2245924,4.2431316,13.24,1.27,0.091,-0.268,0.42516,0.17559,1.41562496,0.19761999,91.39,0.418,1.12
WY,24.39,17.578749952,35.851303,36.954544,2.565492,1.8631121,32.746,1.86,-0.009,0.871,0.14507,0.080340005,0.013625,0.04974,57.625,0.901,3.44
WYNN,99.41,10.236634112,19.256363,23.839329,1.3808239,-59.77751,10.879,1.15,0.069,1.061,0.683,0.16537,0.476188864,,,1.005,1.0
XYL,114.18,26.659524608,18.281933,27.185715,2.9212718,2.4226606,14.412,1.54,0.015,0.195,0.39240003,0.16995001,1.183750016,0.09182999,28.642,1.01,1.52
XYZ,81.38,48.892694528,15.676891,145.32143,1.9524306,2.2175593,32.146,0.86,0.093,-0.833,0.46572,0.06999,-0.027105876,0.01612,32.58,2.526,
YUM,157.35,42.94098944,21.073116,19.81738,4.9232965,-5.95031,17.758,2.06,0.122,1.316,0.45311,0.32779998,0.833249984,,,0.553,1.96
ZBH,100.98,19.26069248,11.136772,24.50971,2.2636204,1.5246407,10.335,0.68,0.048,0.338,0.69877,0.17959999,1.090899968,0.06413,60.175,0.462,0.95
ZBRA,363.3,17.18796288,16.33568,33.299725,2.9596734,5.012071,17.094,0.68,0.204,1.215,0.49581,0.21259001,0.576750016,0.15286,86.23,1.583,
ZTS,77.17,31.88846592,11.6060295,12.588906,3.3478703,9.844367,9.764,6.97,-0.002,0.012,0.71738,0.40721,2.016999936,0.64911,293.996,0.73,2.73
