ticker,price,vol_1y,vol_3y,pe_now,pe_hist_med,pe_hist_p25,pe_hist_p75,ma50,ma200,px_vs_ma50,px_vs_ma200,resistance,support,upside_to_resist,downside_to_support,hi_52w,lo_52w,ps_hist_med,ps_now,val_basis,fwd_growth,growth_1y,target_median,target_mean,target_upside,n_analysts,growth,pe_revert_full,exp_ret_none,exp_ret_half,exp_ret_full
MSFT,487.6000061035156,0.32191618754462864,0.2613296715133181,20.67171,28.32955497605231,26.025638399808066,31.13418702156313,421.05182983398436,429.31999938964844,0.15805221959436788,0.13574957327103832,537.6463623046875,469.1436462402344,0.1026381369456899,-0.03785143484875808,537.6463623046875,352.1670227050781,,,fwd_pe,0.31473951598585703,0.19489999,550.0,569.4537,0.12797373485519836,33.0,0.19489999,0.37045048406988634,0.1948999899999999,0.4162256298553011,0.6375512697106023
NVDA,209.82200622558594,0.3674157899271164,0.4678545865845205,16.074587,38.5004710502365,31.628036750894204,66.29832722674841,207.67603942871094,195.17816833496093,0.010333242114874075,0.07502805265337642,235.465576171875,192.52999877929688,0.12221582667891795,-0.08241274477043126,235.465576171875,164.97772216796875,,,fwd_pe,0.9970901896266449,0.44599998,300.0,304.72882,0.42978329774171065,51.0,0.44599998,0.5,0.4459999800000001,0.807499975,1.1689999700000002
AMZN,262.1400146484375,0.3443401404417934,0.3223198895728985,25.208097,33.020942629948365,31.093150908933623,37.800424489816194,250.14139984130858,238.39010002136231,0.04796732893771649,0.0996262622690578,274.989990234375,227.00999450683594,0.04901951197023813,-0.13401242915437883,284.0199890136719,198.7899932861328,,,fwd_pe,-0.16475000076364343,-0.1671,325.0,327.004,0.23979545982655726,53.0,-0.1671,0.3099339720070249,-0.16710000000000003,-0.03802799735767437,0.09104400528465106
AAPL,313.1300048828125,0.2505322941870668,0.26875193657124385,32.80806,28.036079713550393,25.476832163509485,30.6511304028247,310.3488653564453,281.24896057128905,0.00896133299270474,0.11335524315099632,314.92840576171875,274.91290283203125,0.005743304221450529,-0.12204867452764179,339.78692626953125,225.955322265625,,,fwd_pe,0.09386580614641638,0.0809,335.0,324.45282,0.06984317943396134,39.0,0.0809,-0.14545146181912627,0.08089999999999997,0.0022907574598531877,-0.0763184850802936
AVGO,362.7799987792969,0.48125607997944725,0.4995525668142198,18.60324,26.87799836593082,19.290731396263517,73.45300254971971,387.9851531982422,368.3607194519043,-0.06496422404613678,-0.015150151408410584,410.6685791015625,360.45001220703125,0.13200446684878964,-0.006422588290715292,480.8090515136719,291.86151123046875,,,fwd_pe,2.2452791556739577,0.67730004,527.5,526.30005,0.45404929096136093,47.0,0.5,0.444802000400512,0.5,0.8336015003003838,1.167203000600768
MU,901.72998046875,0.8148668330969961,0.6385085520913087,5.817053,13.061752620893033,9.954525363060736,108.66858891078405,962.6615539550781,574.3672919464111,-0.06329490695456974,0.5699535699760601,1213.3734130859375,321.75048828125,0.34560615635202074,-0.6431853268159132,1213.3734130859375,116.23344421386719,,,fwd_pe,2.5010213934787946,1.112,1545.0,1515.1136,0.7133732197712406,39.0,0.5,0.5,0.5,0.875,1.25
MRVL,227.0800018310547,0.8010418905482641,0.6725310905695768,36.272545,24.844460999926838,21.8979695720859,28.038900915885208,232.75209686279297,145.7037198638916,-0.024369683917743523,0.5585051777894232,316.3519592285156,76.56763458251953,0.3931299836076203,-0.6628164789276112,316.3519592285156,62.177528381347656,,,fwd_pe,1.1409451694111894,0.5388,250.0,263.9407,0.10093358280839526,39.0,0.5,-0.3150615431057612,0.5,0.26370384267067903,0.02740768534135829
META,552.0675048828125,0.3864655390245456,0.37435235329668154,15.890363,21.306885737685327,18.881006874084463,25.659423505933077,592.6534436035156,622.9963229370118,-0.0684817394697449,-0.11385110223414685,671.673095703125,542.8699951171875,0.21665030048399836,-0.01666011798245104,777.7010498046875,525.233154296875,,,fwd_pe,0.3066522143012087,0.113800004,750.0,754.14246,0.3585295156236423,52.0,0.113800004,0.34086840795803885,0.11380000400000001,0.3036296210735687,0.4934592381471372
COHR,270.06500244140625,0.843781592892747,0.7067435745509315,19.373514,45.87864181370411,27.565533906510733,66.06431979577518,327.703701171875,270.5399754333496,-0.17588662723170845,-0.0017556480929760143,298.9100036621094,219.64999389648438,0.10680762394217069,-0.18667731134788557,426.8900146484375,87.80000305175781,,,fwd_pe,2.39390262396383,0.48299998,420.0,416.09348,0.5551811460321443,18.0,0.48299998,0.5,0.48299998,0.8537499749999999,1.22449997
COST,964.9000244140625,0.19783165765585706,0.20247491761602385,42.58656,38.65232118646075,34.00362305721994,49.34790157029119,947.16703125,956.8598672485351,0.018722139368237745,0.00840264853896211,1015.389892578125,962.7999267578125,0.052326528020063545,-0.0021764924894942528,1092.5828857421875,846.2649536132812,,,fwd_pe,0.13867994973061926,0.101,1100.0,1077.3143,0.14001448043073395,34.0,0.101,-0.0923821697159678,0.10099999999999998,0.05014361557135971,-0.0007127688572805546
NFLX,80.04499816894531,0.3531176686228857,0.33851042133291054,20.921719,34.52241624314455,28.777223176393324,39.67498008747053,74.49589920043945,88.27109970092773,0.07448865008764294,-0.09319133396834711,99.16999816894531,75.86000061035156,0.2389281084076511,-0.052283061457016666,126.32499694824219,67.5999984741211,,,fwd_pe,0.20154395535089642,0.0643,92.0,93.41556,0.14935351495445248,45.0,0.0643,0.5,0.06430000000000002,0.3303750000000001,0.5964499999999999
CEG,272.3299865722656,0.4702082157810544,0.529866839485614,20.486435,20.778728616443786,16.108966490608207,37.533045588312916,263.26518676757814,298.4181841278076,0.03443220091492871,-0.08742160814291677,321.78460693359375,271.7394104003906,0.18159814489692572,-0.0021686050049368744,401.7044372558594,236.1370086669922,,,fwd_pe,0.29957481621375304,0.0964,341.5,347.404,0.2539933787621269,20.0,0.0964,0.014267666211509544,0.09640000000000004,0.10422153461714956,0.11204306923429908
TSM,407.7099914550781,0.4044088563290436,0.3986349399849036,,,,,424.25199951171874,365.8402024841309,-0.038990996095903396,0.11444829924825828,477.57000732421875,315.7605285644531,0.1713473236694958,-0.22552663613287016,477.57000732421875,225.89175415039062,,,none,0.6242557534228128,0.289,538.5,554.45483,0.32079176690800426,12.0,0.289,,,,
VRT,251.57200622558594,0.6543511410549032,0.6263406295345665,27.642687,41.04199449555213,29.477377216831048,70.77123522758484,292.9611798095703,253.46476707458496,-0.14127869641598256,-0.0074675501090140095,357.9599914550781,234.17127990722656,0.4228927805826437,-0.06916797532216701,376.1517333984375,121.68595886230469,,,fwd_pe,1.0539030811295587,0.35650003,345.0,338.15384,0.3713767488527189,28.0,0.35650003,0.48473245367037343,0.3565000300000001,0.6852698239729176,1.0140396179458353
PANW,351.3800048828125,0.4171019241688198,0.41634380054329984,85.32677,114.51250076293945,43.49999899392599,127.89999961853027,337.2755999755859,226.68469993591307,0.04181863410293407,0.5500825815864614,396.0,182.89999389648438,0.12698501479066393,-0.47948092846807633,396.0,141.6699981689453,,,fwd_pe,2.5798694829301523,0.090500005,362.5,360.354,0.03164663601418094,16.0,0.090500005,0.3420465905710419,0.090500005,0.2770009093639769,0.46350181372795407
GOOGL,349.64990234375,0.32712995629886443,0.30553214591474803,23.59191,21.14895138533575,18.04059434231398,23.459378595577178,351.60679748535154,333.1307438659668,-0.005565578241367941,0.04958761321779903,402.3796691894531,317.69000244140625,0.15080732610605185,-0.09140543065538487,402.3796691894531,205.50372314453125,,,fwd_pe,-0.25684847051383286,-0.2807,429.0,428.06668,0.22694156962251588,55.0,-0.2807,-0.10355069236294345,-0.28069999999999995,-0.3179420065083326,-0.35518401301666513
BKNG,214.27999877929688,0.3618821505925103,0.30145226031305655,17.31361,25.517701696496605,22.04531705359178,29.3880895103256,189.06980010986328,185.18786849975587,0.13333805110485453,0.15709522721559566,218.63475036621094,182.09970092773438,0.0203227161271331,-0.15017872892890682,226.91587829589844,153.74349975585938,,,fwd_pe,0.3766841808265289,0.1846,240.0,237.80556,0.12002987384368091,32.0,0.1846,0.4738521715862032,0.1846000000000001,0.4652626412305081,0.7459252824610165
LITE,816.6900024414062,0.9631159552921532,0.7385696868460232,24.718924,138.5675688047667,33.395522388059696,185.94595419394003,812.9553979492188,655.7612000274659,0.004593861485646666,0.24540763071557148,1053.0899658203125,149.61000061035156,0.289461071731274,-0.8168093154524867,1053.0899658203125,119.33999633789062,,,fwd_pe,,3.0129998,1168.0,1148.303,0.4301632155510544,20.0,0.5,0.5,0.5,0.875,1.25
FTNT,152.52499389648438,0.3968768743654725,0.4044852466731526,40.55262,41.24589613633019,33.99380140068117,47.87500129555756,156.19449951171876,106.51667484283448,-0.023493180788732415,0.4319353671294681,168.2899932861328,78.04000091552734,0.10336010503529547,-0.4883461462814972,168.2899932861328,75.2300033569336,,,fwd_pe,0.3331773631395456,0.089499995,165.0,160.86485,0.08178991380246936,43.0,0.089499995,0.017095717522818354,0.08949999499999994,0.09881288707781599,0.10812577915563204
ISRG,377.5150146484375,0.37083217239661176,0.32863941917849876,31.287813,63.27877732071236,58.78217753644725,72.10387408051739,387.58989868164065,472.3395748901367,-0.025993670287776216,-0.20075506115225428,432.8299865722656,332.0199890136719,0.14652389912316588,-0.12051183097216167,592.8499755859375,332.0199890136719,,,fwd_pe,0.385858864600092,0.1182,484.0,478.00934,0.28206821244110536,27.0,0.1182,0.5,0.11820000000000008,0.39775000000000005,0.6773000000000002
CRWD,191.1699981689453,0.4879455929667651,0.47065619947815485,,,15.676024438876452,23.224699470981328,193.5090490722656,139.07927494049073,-0.012087553086195912,0.37453979574414076,195.54249572753906,92.3949966430664,0.02287230004955898,-0.5166867315580926,225.52999877929688,87.5625,20.13019775836065,38.2242,psr,,0.271,216.75,209.735,0.13380761665566654,53.0,0.271,-0.47336509963947837,0.2709999999999999,-0.02982352082088846,-0.33064704164177705
ANET,188.6761016845703,0.5426428507133051,0.5047414337652548,36.59771,30.6733035371231,26.99531581976933,38.820627665840455,178.00112274169922,149.23948024749757,0.05997141354193447,0.26425059489400105,210.5,136.42999267578125,0.11566858823442838,-0.2769089913471626,210.5,116.12999725341797,,,fwd_pe,0.6276215916241754,0.2545,248.0,241.81519,0.31442189967761625,27.0,0.2545,-0.16187915754501847,0.25449999999999995,0.15296129842988715,0.05142259685977435
GOOG,346.2300109863281,0.32245116404606833,0.3023401745138367,23.381273,21.293792806413656,18.152391623828972,23.681245353255026,349.95059997558593,332.14898193359375,-0.01063175485202017,0.04239371432289851,398.79998779296875,318.3399963378906,0.15183541327593497,-0.08055342911778618,398.79998779296875,206.1313934326172,,,fwd_pe,-0.2564753852367234,-0.2807,430.0,422.336,0.24194895403500927,51.0,-0.2807,-0.08928000599395702,-0.28069999999999995,-0.31280955415572653,-0.3449191083114532
LRCX,304.0199890136719,0.6372505818519653,0.5112928724900205,26.299326,20.075767241328595,16.803564743728604,27.918263701186785,336.093759765625,254.09511291503907,-0.09543102131476577,0.19648105595531873,433.3299865722656,199.18968200683594,0.4253338669543161,-0.34481386354540555,433.3299865722656,96.49594116210938,,,fwd_pe,1.0099374409823278,0.2217,370.0,371.35483,0.21702523969027898,26.0,0.2217,-0.2366432797050162,0.2217,0.07714645259219077,-0.06740709481561824
TMUS,182.47999572753906,0.2916145760052893,0.24671085973267948,12.639782,22.01425753082688,19.442918565538196,48.95319984954538,181.6652001953125,194.6297858428955,0.004485149226987506,-0.06242513222083956,195.63999938964844,181.76377868652344,0.07211751408498812,-0.003924907155768542,252.04246520996094,167.72999572753906,,,fwd_pe,0.5118889708699088,0.1858,235.0,243.375,0.28781239315063645,21.0,0.1858,0.5,0.18579999999999997,0.48225000000000007,0.7787
AMAT,479.7250061035156,0.59055576588959,0.4866327413299066,26.119295,17.75804356604541,14.69362845526481,20.92060625350246,558.6864862060547,395.9203414154053,-0.14133415081999412,0.21167052035899636,722.2277221679688,322.37408447265625,0.5055035968088051,-0.32800233389732036,722.2277221679688,155.39051818847656,,,fwd_pe,0.5852403366936205,0.4338,650.0,641.02856,0.35494291881824935,34.0,0.4338,-0.32011780692988046,0.43379999999999996,0.20430754421196862,-0.02518491157606262
KLAC,178.07000732421875,0.5973511982089817,0.48478732872957847,26.934328,24.35549379847722,19.234587390970738,31.505628954100224,218.58761596679688,168.43972373962401,-0.18536095223588822,0.05717347054950839,193.03515625,130.23873901367188,0.08404081715195111,-0.2686093465670425,301.3693542480469,83.93718719482422,,,fwd_pe,0.8043279193748587,0.21190001,230.0,231.77779,0.2916268351762932,23.0,0.21190001,-0.09574525867223349,0.21190000999999992,0.1538831700288339,0.09586633005766765
ADI,365.6400146484375,0.35280434051746623,0.3513686044866876,22.375889,33.019287109375,27.03774708255947,53.49654565777695,387.6792010498047,341.3623461151123,-0.056849029665988815,0.07111993695150676,445.4800109863281,302.2720642089844,0.21835683497238856,-0.1733069355124639,445.4800109863281,223.0958709716797,,,fwd_pe,0.9379336391952964,0.2753,460.0,463.21875,0.2580679946703577,31.0,0.2753,0.47566369807139286,0.2753000000000001,0.5786069570752237,0.8819139141504475
TXN,257.42999267578125,0.42375229390157554,0.36589084296111746,24.495838,23.776326051358623,17.707465128234798,33.23875567234984,288.3649536132813,232.9346166229248,-0.10727711724284672,0.10515987880199718,330.5873718261719,184.53274536132812,0.28418358867192395,-0.28317309322330264,330.5873718261719,150.79347229003906,,,fwd_pe,0.5975669009568076,0.24139999,340.0,323.67743,0.3207474252163425,28.0,0.24139999,-0.02937282442190281,0.24139999000000012,0.22316827802818917,0.20493656605637822
PLTR,176.27000427246094,0.5976478517981594,0.6542776297653686,76.18052,163.2068881755109,120.66618185315438,207.5552714745375,139.83559951782226,151.43354984283448,0.26055171129720134,0.16400892969492564,194.1699981689453,154.85000610351562,0.10154872333704779,-0.12151811226960874,207.17999267578125,107.2699966430664,,,fwd_pe,0.9779828229053833,0.4439,204.0,191.68,0.15731545387992818,29.0,0.4439,0.5,0.44389999999999996,0.804875,1.1658499999999998
INTU,370.5950012207031,0.4812192554042089,0.3675118178057082,13.579837,51.65133079836884,46.56782551347655,59.508232733116486,300.7968667602539,438.1676589202881,0.2320440874674432,-0.15421644277921898,477.5721435546875,356.0278015136719,0.28866320911402554,-0.03930759902062453,694.290283203125,253.9451141357422,,,fwd_pe,0.6640525950348302,0.1452,427.0,446.0182,0.1522011861830419,33.0,0.1452,0.5,0.1452,0.4315,0.7178
TSLA,357.9451904296875,0.46724226788664464,0.5842804398550984,166.01654,80.25782463958909,57.306265775676124,104.73038916494332,365.0335009765625,402.8888256835937,-0.019418246620959034,-0.11155344201380857,425.29998779296875,343.25,0.18817070088978327,-0.04105430334752358,489.8800048828125,298.32000732421875,,,fwd_pe,0.9803486447796106,0.2177,410.0,390.09283,0.14542676075022665,32.0,0.2177,-0.5,0.2177,-0.08672499999999994,-0.39115
MELI,1966.885009765625,0.41393229308330004,0.37672648242647855,34.71363,61.01008559809943,51.64251337196622,77.03490663063988,1796.222890625,1866.5212268066407,0.09501166031863817,0.053770501785662894,2295.0,1899.75,0.16681960999513312,-0.034132656170695386,2510.969970703125,1546.81005859375,,,fwd_pe,0.5447273304462827,0.44529998,2275.0,2256.5417,0.1566512473807964,20.0,0.44529998,0.5,0.44529997999999993,0.8066249749999999,1.16794997
LLY,1238.14501953125,0.3607694136955167,0.3547944545057466,26.21557,53.399731072371296,39.278107021888616,71.75873723523371,1179.6827270507813,1051.4254586791992,0.04955764049086753,0.17758706459952744,1280.3399658203125,998.6354370117188,0.03407916328334237,-0.19344226947680754,1280.3399658203125,690.97216796875,,,fwd_pe,0.5876958998030559,0.2866,1376.0,1315.0406,0.11133993053652191,27.0,0.2866,0.5,0.28659999999999997,0.60825,0.9299
INTC,86.19999694824219,0.7887674571629281,0.6335753642132449,42.26692,26.51167505795194,18.57497815004329,80.86730241775513,107.5661996459961,71.75379991531372,-0.19863305358068595,0.20133006265840092,129.44000244140625,41.189998626708984,0.5016242114153093,-0.5221577716361051,140.94000244140625,24.0,,,fwd_pe,,0.34849998,110.0,114.87805,0.27610213334518163,44.0,0.34849998,-0.37275592690567605,0.34849997999999993,0.09716930001140711,-0.1541613799771857
ALAB,271.6050109863281,0.9782986454877943,0.9445342837666276,42.535522,99.82377036673124,72.33606713717101,138.26639456827132,349.0023989868164,219.25827487945557,-0.22176749565383924,0.2387446318076336,483.0199890136719,139.2899932861328,0.7783913016169861,-0.4871597074726125,483.0199890136719,100.2699966430664,,,fwd_pe,2.1650891694711065,0.5856,425.0,389.9527,0.5647723083481453,23.0,0.5,0.5,0.5,0.875,1.25
APP,299.0150146484375,0.7432858437022218,0.7615884027760411,14.25075,31.43433789243753,17.225757578383075,40.76785749318648,423.6612994384766,498.6266011047363,-0.29421210989827506,-0.40032277863645405,517.22998046875,299.0150146484375,0.7297792924441455,0.0,733.5999755859375,299.0150146484375,,,fwd_pe,0.6151377295931792,0.2683,560.0,526.3871,0.8728156532821998,26.0,0.2683,0.5,0.2683,0.585375,0.90245
CRWV,84.12999725341797,0.9673792195069102,1.1412941022347303,,,6.70018830141899,11.918724446493634,89.6836001586914,91.79597496032714,-0.06192439749794354,-0.08351104403240228,108.86000061035156,69.1500015258789,0.29394988903234376,-0.17805772276939502,143.0800018310547,60.81999969482422,9.442150432745889,6.1174703,psr,,0.5258,150.0,144.17143,0.7829550088794983,19.0,0.5,0.5,0.5,0.875,1.25
NBIS,204.125,1.1889863498302933,1.158963794659292,,,16.28707838198784,48.474249548613095,222.73730041503907,149.7137504196167,-0.08356166829874345,0.36343521839430126,286.69000244140625,75.44999694824219,0.404482559419014,-0.6303735605719918,286.69000244140625,64.05999755859375,29.298291598070804,38.419178,psr,,-0.4654,275.0,283.93332,0.3472137170851195,7.0,-0.4654,-0.23740451713800848,-0.46540000000000004,-0.5288582274309896,-0.5923164548619794
CIEN,371.6300048828125,0.7383363560541278,0.5714675924139887,38.344395,73.33499908447266,39.37750053405762,88.7543630116368,420.0788000488281,369.6339998626709,-0.11533263559214157,0.005399949736450527,627.0,89.80999755859375,0.687161939999205,-0.7583349127395839,627.0,89.80999755859375,,,fwd_pe,2.2123623283142164,0.4772,550.0,557.28564,0.47996661403439034,19.0,0.4772,0.5,0.47720000000000007,0.8465,1.2158000000000002
PEP,145.33009338378906,0.21213286061946185,0.20008867008093584,16.188225,23.266474793596966,22.482155752608413,23.990710169291326,140.08460144042968,147.12005561828613,0.037445171627875196,-0.012166677255351588,148.32044982910156,137.5202178955078,0.020576305813108764,-0.05373887339118988,167.22096252441406,134.38291931152344,,,fwd_pe,0.17672870249826644,0.048899997,155.0,155.0,0.06653753803539209,23.0,0.048899997,0.43724681326068593,0.04889999699999992,0.2782140875586965,0.5075281781173928
LIN,488.9100036621094,0.1908295130366849,0.17813668099495256,24.98857,31.451277178482272,29.129118094949852,33.18848499704277,507.13539916992187,475.76290100097657,-0.035937928091085314,0.02763372813111764,506.0346984863281,386.8531799316406,0.035026272107235856,-0.2087435785032561,546.6400146484375,386.8531799316406,,,fwd_pe,0.2628225624755638,0.0949,550.0,547.24,0.1249514141259227,11.0,0.0949,0.25862653118935075,0.09489999999999998,0.23648509449960997,0.3780701889992202
AXON,614.0,0.6038431228512282,0.5203439538377982,58.147408,75.61250050862631,61.21614456176758,89.22839440201838,543.8142022705078,506.3020512390137,0.12906209039126915,0.21271481815534776,640.4600219726562,519.6099853515625,0.04309449832680179,-0.15372966555120116,781.9000244140625,345.94000244140625,,,fwd_pe,3.4181462052444367,0.36900002,700.0,693.40424,0.14006514657980462,20.0,0.36900002,0.3003589172646579,0.3690000200000001,0.5745957018712478,0.7801913837424952
CSCO,110.2699966430664,0.337936612924266,0.2612126267764823,19.883959,17.691378375889702,14.984062828536143,19.557151644248663,115.88123275756836,92.55589897155761,-0.048422302567673325,0.19138810025444553,129.51548767089844,109.66000366210938,0.17453062132692243,-0.00553181281878079,129.51548767089844,65.18035125732422,,,fwd_pe,0.6658228876854955,0.082100004,135.0,136.27274,0.22426774380870151,24.0,0.082100004,-0.1102688163916602,0.08210000399999995,0.02243906067075474,-0.0372218826584908
AMGN,440.5950012207031,0.2758370914990015,0.2629781189743872,18.056292,19.560736296084585,17.740451236286997,25.90946276378926,378.5793133544922,348.92078887939454,0.1638116127284035,0.2627364584258005,440.5950012207031,319.5552978515625,0.0,-0.2747187395085977,440.5950012207031,263.8604431152344,,,fwd_pe,0.517263068186979,0.0589,395.0,388.48276,-0.10348506245957989,33.0,0.0589,0.08331967028914833,0.05889999999999995,0.10301359943458932,0.14712719886917913
QCOM,157.41000366210938,0.5225149803363963,0.42694453925004333,15.429403,17.17683245638674,13.899426892229414,23.505007808689555,177.61720001220704,167.20616783142088,-0.11376824062483182,-0.058587337395281436,170.9348602294922,157.18521118164062,0.08592120102109124,-0.0014280698509561152,250.09628295898438,123.61344146728516,,,fwd_pe,0.16727121587270743,-0.0305,175.0,193.1,0.11174636890072542,34.0,-0.0305,0.1132532124792347,-0.03049999999999997,0.024399494749308914,0.07929898949861802
VIAV,36.86000061035156,0.7293107275468523,0.5274264671927485,,,2.148234671113216,2.884458466168625,42.424199981689455,33.971049990653995,-0.13115625925154595,0.08504154627226312,54.04999923706055,17.110000610351562,0.46635915198225586,-0.5358111685558007,55.33000183105469,11.029999732971191,2.42600522511527,5.9920077,psr,,0.1868,65.0,61.42857,0.7634291623355469,7.0,0.1868,-0.5,0.18680000000000008,-0.10989999999999989,-0.40659999999999996
SITM,580.405029296875,0.8592354105279261,0.7677575029704597,38.934402,164.1067949313562,99.13349707149764,191.89078321734678,633.1077026367187,487.48652572631835,-0.08324440394636112,0.1906073269042976,753.1199951171875,333.0299987792969,0.29757661822735426,-0.42621103889685064,901.47998046875,224.49000549316406,,,fwd_pe,23.072127780465202,0.3394,850.0,862.7778,0.46449454621322417,9.0,0.3394,0.5,0.3393999999999999,0.6742499999999998,1.0091
STX,795.0999755859375,0.7427068014881999,0.5248147047367147,14.349791,20.900834996065647,14.537852976135525,46.26407378033182,889.8748779296875,567.9212109375,-0.10650362730122886,0.40001810158388107,1093.260498046875,745.489990234375,0.37499752435687395,-0.06239465082992002,1093.260498046875,157.90621948242188,,,fwd_pe,211.96692056351205,0.5475,1150.0,1125.0,0.446358992971323,19.0,0.5,0.4565253944162426,0.5,0.8423940458121821,1.1847880916243638
FN,418.6300048828125,0.7529950816523174,0.6511086119031113,19.1982,23.590513040091246,18.972053042501592,28.083908256443067,514.5778002929687,537.4182011413574,-0.18645925913541062,-0.22103493332802093,486.9100036621094,387.2200012207031,0.1631034516945591,-0.07503046436172678,746.469970703125,294.3500061035156,,,fwd_pe,0.668278588617683,0.1973,750.0,734.1111,0.7915581569695374,8.0,0.1973,0.22878775302326493,0.19730000000000003,0.33426378834737736,0.4712275766947551
ORLY,90.05999755859375,0.25514618755155216,0.22150486278740222,24.670044,25.056598478640105,22.022132396110436,29.620016370704093,88.99300048828125,92.58629985809326,0.011989674069400547,-0.02728591922748358,92.69000244140625,87.30000305175781,0.029202808728718832,-0.030646175679055143,107.81999969482422,82.7300033569336,,,fwd_pe,0.1593650582868842,0.113400005,110.0,107.8,0.22140798336612355,22.0,0.113400005,0.01566898213234258,0.11340000499999991,0.12212292739224728,0.1308458497844951
VRTX,547.9450073242188,0.2859242349719233,0.29693313342838307,24.980917,24.848811655614426,22.20997160764461,27.529537210887778,492.9190997314453,460.6027244567871,0.11163273572225729,0.18962606652064196,552.0599975585938,438.9200134277344,0.007509859893549686,-0.1989706858155098,552.0599975585938,376.6199951171875,,,fwd_pe,0.2794490290328413,0.1542,567.5,560.2083,0.03568787453922462,13.0,0.1542,-0.005288250402720407,0.1541999999999999,0.1511481506925898,0.14809630138517993
GILD,145.05499267578125,0.2644806036970748,0.26047208098147545,14.655858,16.22265334677907,15.32700781769805,55.17514078792221,132.2692999267578,132.0820400238037,0.09666409934960973,0.09821889978107223,153.90869140625,126.9158935546875,0.061036842421949844,-0.1250498089482328,153.90869140625,108.50123596191406,,,fwd_pe,,24.3177,160.0,157.40741,0.10302994091091366,26.0,0.5,0.10690574013333576,0.5,0.5801793051000019,0.6603586102000036
TLN,306.6499938964844,0.5460118878607862,0.5211360713461259,9.976023,4.923316294956693,3.098471986417657,7.367572018030206,366.4708013916016,361.3947994995117,-0.16323485327605725,-0.1514819960852848,391.42999267578125,302.9700012207031,0.276471548888783,-0.012000628563597848,445.8399963378906,302.9700012207031,,,fwd_pe,,0.38950002,473.5,465.1875,0.5441056886498392,5.0,0.38950002,-0.5,0.38950002000000006,0.0421250150000001,-0.30524998999999997
CTAS,206.8300018310547,0.2320044556277618,0.22552819381724465,33.905907,38.018882538163865,32.95200672530113,43.35194510721405,191.3543844604492,185.1342315673828,0.08087411957787727,0.11718940403398781,215.96897888183594,180.2278289794922,0.04418593516353719,-0.12861853994127992,215.96897888183594,162.6839141845703,,,fwd_pe,0.24484916448334504,0.11359999,219.5,216.3125,0.06125802860696461,13.0,0.11359999,0.12130557481219628,0.11359998999999998,0.1811429334489032,0.24868587689780597
ADP,284.30999755859375,0.2712142651959585,0.2172013801830666,21.256952,26.279177822909514,25.12659405093826,28.5420263734343,250.65439971923828,233.36743812561036,0.13427092393771511,0.2182933482158016,299.62353515625,243.58445739746094,0.05386211434404542,-0.1432434332624537,299.62353515625,187.36843872070312,,,fwd_pe,0.22360185975863334,0.093100004,286.0,287.26666,0.005944224458930503,18.0,0.093100004,0.2362627446733434,0.09310000400000007,0.22222940757374143,0.3513588111474828
NXPI,219.49000549316406,0.49053834655156764,0.4346952168148427,12.11377,20.48930587055527,15.85549133844169,25.27218710128132,264.5738720703125,241.38983543395997,-0.17040180961318463,-0.0907239109775495,228.4266815185547,186.75650024414062,0.04071563990037319,-0.14913437710056876,331.5453796386719,181.8075714111328,,,fwd_pe,0.5426351994465803,0.2016,310.0,311.10345,0.4123649926723194,26.0,0.2016,0.5,0.2016,0.502,0.8024
S,20.885000228881836,0.49494503704937104,0.5039410465540992,,,7.461828420301988,12.317109725263125,18.778099784851076,15.842874960899353,0.11219987475678805,0.31825822525435465,23.84000015258789,14.739999771118164,0.14148910181095387,-0.29423032752787615,23.84000015258789,11.9399995803833,9.190726272740406,6.810721,psr,,0.41619998,22.0,21.51613,0.05338758721085535,14.0,0.41619998,0.34944982663955937,0.41619998,0.6636453987489737,0.9110908174979475
SNPS,389.32000732421875,0.5677799990092146,0.44056362292057477,22.564814,49.60254372019078,40.949096910323604,57.416534423828125,418.7489996337891,445.97100128173827,-0.07027835848039521,-0.12702842515477986,533.4199829101562,383.82000732421875,0.37013246911282827,-0.014127195871081133,612.1699829101562,372.3299865722656,,,fwd_pe,2.941664398385912,0.16770001,572.5,560.1738,0.47051266112617784,25.0,0.16770001,0.5,0.1677000099999999,0.4596250124999999,0.7515500149999998
CDNS,312.7049865722656,0.39442800300572284,0.3712468431200711,32.842087,65.12841518075808,53.74700671042653,76.44934716162743,352.4271002197266,326.9724250793457,-0.11271015657619843,-0.04363499002589544,338.05999755859375,300.5799865722656,0.08108284829179913,-0.03877456555109304,416.3900146484375,265.6600036621094,,,fwd_pe,0.891990298911272,0.1711,405.0,403.93927,0.29515043696434673,25.0,0.1711,0.5,0.17110000000000003,0.46387500000000004,0.75665
FLEX,105.76499938964844,0.6816400089403506,0.512467755002193,14.861252,12.657603049940683,8.63976141522243,18.50118501491456,130.4163003540039,92.69042505264282,-0.18902009102728434,0.14105636401580868,162.07000732421875,59.90999984741211,0.5323595542901414,-0.43355552221299687,162.07000732421875,51.91999816894531,,,fwd_pe,1.7562444267818083,0.5052,160.0,160.5,0.5127877929686795,11.0,0.5,-0.14828151423980418,0.5,0.3887888643201469,0.27757772864029384
TTWO,237.89500427246094,0.31865995902151484,0.288211460771384,,,4.529816764888558,6.187487260427872,241.07269958496093,228.62892509460448,-0.013181481428510278,0.04052890146783583,242.44000244140625,232.0,0.0191050593216322,-0.024779857359717328,262.2900085449219,189.69000244140625,5.146569399733451,6.699026,psr,,0.4995,290.0,286.89,0.21902517830035317,15.0,0.4995,-0.23174362963609174,0.49950000000000006,0.3257502136803403,0.15200042736068053
MNST,48.880001068115234,1.9321290265923854,1.1309428871403833,37.381107,34.533950428903836,32.42511417903077,37.89935111999512,80.89900016784668,78.92820016860962,-0.39578980003831243,-0.3807029558041892,86.66000366210938,45.52000045776367,0.7729132931348952,-0.06873978185207763,99.94000244140625,45.52000045776367,,,fwd_pe,0.21199067218635337,0.1353,50.0,50.17391,0.0229132346033305,13.0,0.1353,-0.07616565692118649,0.13529999999999998,0.09206456484868863,0.04882912969737685
AEP,120.45999908447266,0.1913689161613212,0.195048942861569,17.610855,16.773137506448997,15.355100144853104,18.0189700769257,129.88825408935546,125.03145809173584,-0.07258743349030405,-0.03656247057367834,120.99249267578125,111.14847564697266,0.0044205013727021125,-0.07729971366652832,137.64207458496094,103.23735046386719,,,fwd_pe,0.18772262902624526,0.0749,142.5,144.0,0.18296530867538685,19.0,0.0749,-0.047568246604211106,0.07489999999999997,0.049334445862566634,0.023768891725133523
BE,196.7550048828125,1.1504970657644265,0.9697378705805534,,,2.7788668651981316,5.10026919659448,241.18910095214844,186.91302570343018,-0.18422928687043616,0.052655394894726815,345.8500061035156,119.51000213623047,0.7577698026512936,-0.3925948556815073,345.8500061035156,48.540000915527344,3.688534210497674,18.6145,psr,5.344377037846232,0.8018,288.5,275.08463,0.46629052801899973,28.0,0.5,-0.5,0.5,0.125,-0.25
HON,214.1300048828125,0.26925607570312665,0.23017367283164059,21.436213,11.546568627862523,10.803278497111236,13.36933503980222,232.74700469970702,227.53715812683106,-0.0799881392283196,-0.05892291770887503,248.71360778808594,194.77793884277344,0.16150750533163305,-0.09037531218770545,257.9405822753906,194.68307495117188,,,fwd_pe,-0.6159350534537047,0.2021,265.0,262.9524,0.2375659363806919,21.0,0.2021,-0.4613522160904763,0.20209999999999995,-0.0751957494811809,-0.35249149896236154
ARM,236.81500244140625,0.7599637353459804,0.7696806792351896,77.334984,189.0941126206342,163.0705889533548,228.91803178630892,300.25529876708987,197.51934993743896,-0.21128784932749745,0.19894583754155493,439.4599914550781,104.55000305175781,0.8557100982815105,-0.5585161329564583,439.4599914550781,104.55000305175781,,,fwd_pe,2.15550501697912,0.3734,272.0,285.72308,0.14857588073331351,39.0,0.3734,0.5,0.37339999999999995,0.71675,1.0600999999999998
ONTO,277.260009765625,0.702074467308394,0.6431805237292927,23.76019,41.538178392231764,22.71937601815884,49.216747753725855,304.12119934082034,234.79090000152587,-0.08832396305623125,0.18088056123053797,307.8599853515625,248.0800018310547,0.11036562976321185,-0.10524420005336121,378.45001220703125,101.94999694824219,,,fwd_pe,3.365089462668438,0.4383,390.0,388.45456,0.40662189375841473,11.0,0.4383,0.5,0.4382999999999999,0.7978749999999999,1.1574499999999999
ZS,177.13999938964844,0.6158092980507407,0.49128526778299697,,,11.999966445071365,18.876126748013753,151.78890014648437,178.6814501953125,0.1670155012566723,-0.008626809352504927,184.60000610351562,143.27999877929688,0.042113620523717366,-0.1911482484307282,336.2699890136719,118.05000305175781,14.2971017013661,9.030532,psr,,0.112399995,200.0,198.15341,0.12905047244618784,44.0,0.112399995,0.5,0.11239999500000009,0.3904999937500002,0.6685999925000001
EXC,44.000999450683594,0.1920179309490983,0.19892105165609125,14.504822,15.569980080464227,14.87272177695133,16.452506469143984,46.1846199798584,45.55644943237305,-0.04728025325589136,-0.03414335403812507,46.28467559814453,42.9758415222168,0.051900551714069376,-0.023298514607964615,49.82146072387695,41.60917663574219,,,fwd_pe,0.11702204963287377,0.0634,48.0,48.88235,0.09088431170293054,19.0,0.0634,0.0734347571079621,0.0633999999999999,0.10244526035430312,0.1414905207086068
XEL,76.55500030517578,0.1967111935391256,0.20687835254261597,16.874641,18.732589899107467,17.13380182358542,19.757065577813755,79.26604034423828,78.02424575805664,-0.03420178461405332,-0.01883062679563474,80.02359771728516,76.1953353881836,0.04530856767398994,-0.004698124427645944,82.67082977294922,69.60384368896484,,,fwd_pe,0.24422735867388212,0.1038,92.0,91.76471,0.2017503707563828,18.0,0.1038,0.11010301784242205,0.10380000000000011,0.1645658555472329,0.22533171109446548
AMD,457.1099853515625,0.7161726771883831,0.5818040385737467,29.53028,136.48143150692894,81.20471882370282,170.43499755859375,509.60740051269534,330.8985503387451,-0.10301540972191003,0.38142033225474425,580.9099731445312,198.11000061035156,0.2708319480217751,-0.5666032093829989,580.9099731445312,151.13999938964844,,,fwd_pe,2.9404501074828953,1.0481,605.0,613.0917,0.3235326713213136,46.0,0.5,0.5,0.5,0.875,1.25
MCHP,73.2300033569336,0.49987609063292404,0.4869515199756787,16.010427,21.161241640989807,16.714682507870805,25.04619072223532,83.97940017700195,76.16201091766358,-0.12800040006730262,-0.038496981965191135,79.87641906738281,59.76006317138672,0.09076082760850945,-0.18394018254911781,102.70999908447266,48.05623245239258,,,fwd_pe,5.713455549936302,0.2518,108.0,108.64,0.4748053400133334,25.0,0.2518,0.3217162565988907,0.2518,0.45316220500524595,0.6545244100104914
ON,71.44999694824219,0.6170823027149562,0.5669955442897472,15.799073,18.989774395839326,15.828478034136818,22.56198284054591,91.8832000732422,77.21569997787475,-0.22238236270299938,-0.07467008692901389,72.20999908447266,55.65999984741211,0.010636839309888346,-0.22099367075226373,133.92999267578125,44.900001525878906,,,fwd_pe,1.9597582085986947,0.414,108.0,107.68,0.511546600600058,30.0,0.414,0.20195497519628702,0.4139999999999999,0.5567821674637747,0.6995643349275498
AXTI,64.91000366210938,1.53530887436179,1.2120212478553294,28.863432,17.405404915680755,14.378378842328045,20.20270212276562,67.64699981689454,52.32089998722076,-0.04045997844979976,0.24061328604751564,140.8300018310547,2.7699999809265137,1.1696193789195997,-0.9573255303551388,140.8300018310547,2.7699999809265137,,,fwd_pe,73.20000157985372,1.5645,93.0,91.6,0.4327529618410406,5.0,0.5,-0.39697382779425694,0.5,0.20226962915430735,-0.09546074169138541
ADBE,277.5299987792969,0.3916465406090266,0.35838624442188854,10.079886,38.690796106229655,27.810701864019865,44.17228448691173,233.92239837646486,270.13979988098146,0.18641908900340431,0.027356942226104408,283.6199951171875,225.35000610351562,0.021943560568865372,-0.18801568444958228,367.4599914550781,193.41000366210938,,,fwd_pe,0.5726769132111216,0.1261,250.0,270.60587,-0.09919647930092723,35.0,0.1261,0.5,0.1261000000000001,0.4076250000000001,0.6891500000000002
DDOG,228.4499969482422,0.6883214986075702,0.5380248871137473,77.19464,237.57692483755255,225.6009578704834,248.84374325092023,249.30600067138673,174.62387535095215,-0.0836562444023764,0.308240333626272,277.489990234375,220.57000732421875,0.2146640137502096,-0.03449327962043591,288.1499938964844,102.61499786376953,,,fwd_pe,5.0581026091967,0.17459999,295.0,285.1802,0.29131102622354343,46.0,0.17459999,0.5,0.17459998999999993,0.4682499874999999,0.7618999849999999
SANM,183.9499969482422,0.7117779244556667,0.5409360976907435,13.120315,12.702703291845138,10.535714191756226,17.159844256387466,214.07379943847656,182.1564496231079,-0.14071690496104716,0.00984619171511758,282.7200012207031,142.8699951171875,0.536939417836749,-0.22332156842934514,282.7200012207031,113.13999938964844,,,fwd_pe,1.4896867186496667,0.1504,265.0,260.0,0.44060888500347595,5.0,0.1504,-0.031829396485897,0.1504000000000001,0.13209173114131212,0.11378346228262415
ROST,237.19000244140625,0.26307579685200777,0.24681037008510393,26.546484,21.198971377013997,19.61657100743344,23.085361190989047,234.4326013183594,208.9223959350586,0.01176202075795052,0.1353019449151558,240.1300048828125,210.66696166992188,0.012395136435535692,-0.11182191702214106,255.22999572753906,143.7532501220703,,,fwd_pe,0.07976043079753992,0.067,282.5,269.94443,0.19102827729759309,16.0,0.067,-0.2014395813391333,0.06699999999999995,-0.04046801664442767,-0.1479360332888553
MAR,359.8299865722656,0.27540147819968325,0.25864506595119585,27.276098,23.590687493592995,19.58771538874958,28.256616197265547,369.65539916992185,340.7767523193359,-0.026579924491079043,0.055911191486076595,377.2073669433594,312.556640625,0.04829330800534537,-0.1313768938425358,401.7236328125,256.9007873535156,,,fwd_pe,0.36285611673634555,0.1236,393.0,380.64,0.0921824602327097,27.0,0.1236,-0.13511501925264402,0.12359999999999993,0.04769238218386462,-0.028215235632270907
DASH,228.44500732421875,0.4682660264114237,0.4182639988694396,28.749573,101.98826319734816,90.25000272222528,115.852114180444,193.0151010131836,187.46632522583008,0.18356028168290917,0.2185922300926526,234.88999938964844,187.72999572753906,0.028212444390534053,-0.17822675169650448,281.739990234375,146.60000610351562,,,fwd_pe,3.1773160943990364,0.3831,255.0,252.29762,0.11624238580138146,36.0,0.3831,0.5,0.3831,0.7288749999999999,1.07465
AZN,164.60000610351562,0.2823381425476498,0.2442680422033989,14.460388,33.220955742730034,27.642248311174026,47.8682323654681,171.79679962158204,183.62641036987304,-0.04189131307404348,-0.10361474816195071,169.96803283691406,160.62542724609375,0.032612554886678025,-0.02414689374265455,208.6199951171875,145.54266357421875,,,fwd_pe,0.7031484217435937,0.13,215.5,213.99,0.30923445935034644,3.0,0.13,0.5,0.1299999999999999,0.41249999999999987,0.6949999999999998
WDAY,201.73500061035156,0.5307659204395178,0.412249240349697,15.962517,90.23166199908755,45.49088359107898,120.55384513659357,151.90209915161134,161.48882457733154,0.32805933385425257,0.249219573790058,247.69000244140625,129.2100067138672,0.22779885340678274,-0.35950625165221295,247.69000244140625,112.5,,,fwd_pe,2.9498783305915977,0.17459999,195.0,185.57553,-0.03338538473727781,41.0,0.17459999,0.5,0.17459998999999993,0.4682499874999999,0.7618999849999999
ADSK,255.25,0.361100073311413,0.30830627664649923,17.925804,52.13309287049442,49.05517110000931,56.815966866896204,220.76199981689453,249.22299987792968,0.15622253925816332,0.02418316176686086,264.1199951171875,218.63999938964844,0.03475022572845243,-0.14342801414437434,326.7900085449219,187.72000122070312,,,fwd_pe,1.0771751716129443,0.1296,307.5,314.57352,0.20470127326150833,35.0,0.1296,0.5,0.12959999999999994,0.4119999999999999,0.6943999999999999
ROP,417.79998779296875,0.2885587203925532,0.22516181208743463,17.179235,36.21437256403166,11.143880590849001,37.93284984415832,368.2411206054687,375.95660385131833,0.13458265363198563,0.11129844113124943,449.0417175292969,342.2915344238281,0.07477676076862227,-0.18072871128602597,532.15966796875,313.94036865234375,,,fwd_pe,0.011762165195365215,0.0933,424.0,445.2,0.014839665840544525,18.0,0.0933,0.5,0.09329999999999994,0.366625,0.6399499999999998
TEAM,173.875,0.7710934377469358,0.597110219654865,,,4.778218626727671,7.560239102871391,107.7583999633789,107.95722496032715,0.6135633051260083,0.6105916029603091,176.0800018310547,144.55999755859375,0.012681534614261247,-0.16859814488227898,182.36000061035156,57.150001525878906,6.5505655779485785,6.6790547,psr,,0.2447,175.0,188.766,0.006470165348670065,31.0,0.2447,-0.019237620864434812,0.24469999999999992,0.23272746665501876,0.22075493331003782
TTD,13.274999618530273,0.5681438566100409,0.6020174497590652,,,,,17.385100135803224,26.372350091934205,-0.23641511899080336,-0.496631905300304,19.790000915527344,13.180000305175781,0.4907722398652974,-0.007156257332157301,55.36000061035156,13.180000305175781,,,none,0.184916720307019,-0.1427,13.0,13.38667,-0.020715602744455608,20.0,-0.1427,,,,
MDB,408.1700134277344,0.7514321631862501,0.6370264882299346,,,10.177224724948474,17.485187747576184,358.2647998046875,340.0094501495361,0.1392970050372051,0.20046667305341437,440.6000061035156,321.17999267578125,0.07945216848107073,-0.2131220273175568,472.2900085449219,214.33999633789062,12.4210554604097,12.647079,psr,,0.19709998,416.0,429.85513,0.019183149948990286,39.0,0.19709998,-0.017871600200354498,0.19709997999999995,0.1864029338787938,0.17570588775758766
ABNB,192.77999877929688,0.3439025420929435,0.36593056361013654,31.363468,36.98540197961812,27.765206756963053,64.85752939750644,154.8359002685547,136.52479995727538,0.24506008260958945,0.41205113532212634,192.77999877929688,137.57000732421875,0.0,-0.2863885870145947,192.77999877929688,111.54000091552734,,,fwd_pe,0.40155941938563666,0.1616,175.0,175.5,-0.09222947863824926,40.0,0.1616,0.1792510311556783,0.16159999999999997,0.26570899889521793,0.3698179977904359
LULU,122.875,0.4522707663703499,0.4297553616535819,10.856746,29.007785984727207,20.114070600499222,41.41987722428119,117.64990020751954,155.0787745666504,0.044412275601288576,-0.20766074955544434,167.27999877929688,110.62999725341797,0.36138350990272117,-0.09965414239334314,215.8800048828125,105.43000030517578,,,fwd_pe,-0.08876600778907406,0.025799999,122.5,127.92308,-0.003051881993896277,22.0,0.025799999,0.5,0.025799998999999962,0.28224999875,0.5386999984999998
PDD,88.5,0.3376897471678825,0.46497844442952424,,,,,84.67019958496094,100.33874996185303,0.04523197575784743,-0.11798781593705232,104.79000091552734,73.30000305175781,0.18406780695511116,-0.1717513779462394,138.1300048828125,73.30000305175781,,,none,0.2801062974233368,0.21180001,115.828186,116.73774,0.3087930621468926,30.0,0.21180001,,,,
MDLZ,65.43000030517578,0.23279787276850522,0.2102641855634991,19.423512,25.50697220203199,18.333760604782526,29.909166395101337,61.25786804199219,58.12852060317993,0.06810769614645418,0.1256092469966701,65.43000030517578,57.84000015258789,0.0,-0.11600183581211887,65.43000030517578,50.64335250854492,,,fwd_pe,0.23127835995879642,0.1028,70.0,69.13043,0.06984563156822587,24.0,0.1028,0.3132008362870726,0.1028,0.2754989411286919,0.4481978822573838
KDP,32.71500015258789,0.30342618049582376,0.2333186882431353,12.88851,25.699409303211027,19.767322232646325,32.12462887905612,31.111899070739746,28.56418334007263,0.051526944022386445,0.1453154379769046,33.5,26.288894653320312,0.023995104501016273,-0.19642688275394204,33.99559783935547,24.696651458740234,,,fwd_pe,1.5596364513818894,0.10520001,37.5,36.08333,0.14626317668024202,19.0,0.10520001,0.5,0.1052000099999999,0.3815000124999999,0.6578000149999998
CCEP,110.05999755859375,0.2241219569661515,0.2029301368246104,,,,,105.10379974365235,96.2279793548584,0.04715526771657674,0.14374216622306113,111.70999908447266,89.71168518066406,0.014991836838815775,-0.18488381636658358,111.70999908447266,83.95818328857422,,,none,0.10836260960402244,0.0924,116.571335,113.58501,0.05916170803056531,11.0,0.0924,,,,
REGN,825.89501953125,0.3351006078085852,0.3127107026885776,13.60882,19.29243198556466,16.035036638979513,23.470562465032486,699.8383288574219,723.5025390625,0.18012258756909216,0.14152331877290725,840.8400268554688,730.9235229492188,0.018095529057314153,-0.11499221370281887,840.8400268554688,552.6759643554688,,,fwd_pe,0.4984464487001814,0.1319,824.0,840.4285,-0.0022945041275651556,10.0,0.1319,0.41764179301105187,0.1318999999999999,0.3682643727546049,0.6046287455092094
IDXX,554.3800048828125,0.31998573756129106,0.34957384690749765,33.19952,47.26343381088121,42.910964665506754,50.46754941472782,559.9262036132812,614.2641986083985,-0.009905231608519749,-0.09748931137652539,578.8900146484375,528.6799926757812,0.04421156886927413,-0.046358115337265526,766.6799926757812,526.4400024414062,,,fwd_pe,0.17389197193212436,0.1284,700.0,698.9231,0.26267180243625377,13.0,0.1284,0.42361798637092374,0.12840000000000007,0.36740526791047534,0.6064105358209504
DXCM,92.33499908447266,0.4228029103813639,0.47638608732654075,29.585913,84.36538402850812,46.42253526499574,97.51056241317534,77.97010040283203,69.47697504043579,0.1842359905582327,0.3290014286133418,92.33999633789062,67.3499984741211,5.412090179790496e-05,-0.27059079285303334,92.33999633789062,54.84000015258789,,,fwd_pe,0.23496442377830284,0.1736,94.0,94.12,0.01803217557845116,25.0,0.1736,0.5,0.17359999999999998,0.4670000000000001,0.7604
PCAR,131.27000427246094,0.2773455193042084,0.26850827013186535,18.397076,10.590496102182783,8.644733254767988,14.621909419192543,126.43338607788085,117.76012142181396,0.038254280333841706,0.11472375102480492,137.84500122070312,110.62256622314453,0.05008758082002718,-0.1572898406132529,137.84500122070312,90.76244354248047,,,fwd_pe,0.4992561861461029,0.2025,139.5,141.02937,0.06269517376153266,14.0,0.2025,-0.4243380794761742,0.20250000000000012,-0.052633270285049605,-0.30776654057009944
CSX,51.55500030517578,0.22889453098794127,0.2224201675743479,22.716167,17.77536953132519,16.010883949898385,19.656771189206605,49.47370002746582,42.33210960388183,0.042068821950945745,0.21786985783595858,53.22999954223633,38.0533447265625,0.03248955925022834,-0.2618883813149314,53.22999954223633,31.729881286621094,,,fwd_pe,0.32064524794169724,0.1325,54.0,53.14088,0.04742507381148742,25.0,0.1325,-0.21750137110168322,0.13250000000000006,0.009339848613671986,-0.1138203027726562
ODFL,202.37570190429688,0.38048519165328376,0.36605662579334475,30.526133,31.807606106767494,26.274604007314508,35.19358429144203,220.39511413574218,193.7196153640747,-0.08175958120535776,0.0446835831464667,215.91632080078125,188.9405059814453,0.06690832332671892,-0.06638739629525803,248.72999572753906,125.70491027832031,,,fwd_pe,0.27457578724432596,0.14109999,236.5,232.13635,0.1686185533866138,19.0,0.14109999,0.041979542799197356,0.14109999000000006,0.1650514179341842,0.1890028458683688
FAST,51.89500045776367,0.2556890517023,0.240401899144403,37.03492,29.930201266071585,25.105706299885668,35.54535224459587,47.884313888549805,44.553432846069335,0.08375783724391872,0.1647811884004362,52.380001068115234,44.515716552734375,0.00934580607136315,-0.14219643202499155,52.380001068115234,38.51686477661133,,,fwd_pe,0.19637609585763927,0.1087,47.0,48.53077,-0.09432508747634794,15.0,0.1087,-0.19183837129737058,0.10870000000000002,0.002354398871302621,-0.10399120225739478
VRSK,191.0449981689453,0.3455228148464901,0.2591770206450312,22.008337,39.72723612524159,33.50342296082297,45.05181234210494,188.22949951171876,194.99776725769044,0.014957797075007662,-0.020270842811864198,214.45074462890625,168.99000549316406,0.12251431172912852,-0.11544396810785662,270.57177734375,156.413330078125,,,fwd_pe,0.3358294177338341,0.12810001,235.0,237.70589,0.23007669529345276,19.0,0.12810001,0.5,0.12810001000000004,0.4101250125,0.6921500150000002
PAYX,126.5,0.27948316966105075,0.23966618523848307,19.81195,24.005528844143136,22.697731984230956,26.941368373576147,110.87981887817382,101.35505657196045,0.14087487948540423,0.24808770552248727,134.86972045898438,104.8885269165039,0.06616379809473805,-0.17084168445451453,134.86972045898438,83.61278533935547,,,fwd_pe,0.3056300364174147,0.0674,108.0,111.0,-0.1462450592885376,16.0,0.0674,0.2116691614981432,0.0673999999999999,0.1803678314915591,0.29333566298311786
BKR,61.29999923706055,0.32727394745027216,0.3153531607999063,19.34643,14.64508116557336,11.877613899691793,16.96915479806753,59.173665618896486,57.43969854354859,0.03593378229867583,0.06720614472907149,64.8041000366211,58.75663757324219,0.057163145891885314,-0.04149040286252892,69.18328857421875,43.74596405029297,,,fwd_pe,0.016331178413795167,0.2028,73.0,71.91304,0.19086461514775843,11.0,0.2028,-0.24300859819753007,0.2028000000000001,0.05665462904400553,-0.08949074191198914
FANG,207.8800048828125,0.3221902913875047,0.32706559331445845,11.426325,8.716129184181714,5.686039868431912,12.72643261852375,191.80474670410158,176.41588150024415,0.0838105336543642,0.17835198914631056,209.4365997314453,178.302001953125,0.007487948874689954,-0.1422840207568853,211.35714721679688,131.3657989501953,,,fwd_pe,2.4448437270951073,-0.1028,225.0,232.17857,0.08235517950289872,25.0,-0.1028,-0.23718875629901004,-0.1028,-0.20920287607573596,-0.3156057521514718
CPRT,33.369998931884766,0.29817976704576027,0.2596146188889586,19.831806,32.155498692721096,27.473779260057263,35.30861146326335,29.572800102233888,34.81790010452271,0.1284017345846138,-0.041584965442814426,34.400001525878906,32.43000030517578,0.030866126070204336,-0.028168973832684907,49.970001220703125,27.170000076293945,,,fwd_pe,0.04434170039783569,0.0618,41.0,40.3,0.2286485259915556,13.0,0.0618,0.5,0.06180000000000008,0.32725000000000004,0.5927000000000002
CMCSA,26.959999084472656,0.3069467660133683,0.2727313793832292,7.4360266,8.796267117855054,7.743651740216979,19.788464238820985,24.10882164001465,26.341693964004516,0.11826282872845839,0.02347248894900389,31.21469497680664,23.90372657775879,0.1578151348968122,-0.1133632273924704,31.67508888244629,21.920000076293945,,,fwd_pe,0.16097123697755467,0.030299999,29.395,30.08136,0.09031902812377157,20.0,0.030299999,0.18292571974595329,0.03029999899999991,0.12453418343566502,0.21876836787132992
CHTR,148.97500610351562,0.4919575876397351,0.434944213573403,3.365326,11.051103471052095,9.329656267491867,13.495831872749902,139.9635008239746,184.82667530059814,0.06438468048090873,-0.19397453932866637,213.2899932861328,125.54000091552734,0.4317166272705353,-0.15730830157982623,282.739990234375,123.30999755859375,,,fwd_pe,0.14761149439905674,0.0627,150.0,184.41176,0.006880307799901342,17.0,0.0627,0.5,0.06269999999999998,0.32837499999999986,0.59405
WBD,28.80500030517578,0.43333079135841923,0.5057891656013254,,,0.6290672480799715,0.9758460715313544,26.774700050354003,27.028425006866456,0.07582905694567943,0.06572988614238495,29.149999618530273,26.81999969482422,0.011977063346619854,-0.06891166774245405,29.979999542236328,11.619999885559082,0.7584329705234627,1.9996698,psr,,1.0453,31.0,29.7,0.07620203685364357,13.0,0.5,-0.5,0.5,0.125,-0.25
KHC,25.834999084472656,0.27733861422555334,0.23934691204317146,12.324465,14.185470174346552,13.36818319378477,15.553644439936933,25.03509994506836,23.490590162277222,0.03195110629314124,0.09980204439308826,27.6200008392334,22.55512046813965,0.0690923869950344,-0.1269548570762009,27.6200008392334,20.832427978515625,,,fwd_pe,,0.0194,25.0,25.08824,-0.03232046115978027,19.0,0.0194,0.1510008892350745,0.019400000000000084,0.09636515324311756,0.17333030648623504
BIIB,215.3000030517578,0.3551935353239309,0.30498238713108805,12.976561,16.943630476790837,13.581217174959571,23.351296713185867,205.57980041503907,188.31950019836427,0.047281895483383574,0.1432698303944835,216.6300048828125,191.9499969482422,0.0061774352633656715,-0.1084533477591374,221.55999755859375,132.22000122070312,,,fwd_pe,1.9320460174309666,0.3323,237.0,235.57484,0.10078958030959972,31.0,0.3323,0.3057103863489592,0.33230000000000004,0.5359489738663594,0.7395979477327184
ILMN,220.25,0.4800241930186432,0.4439067670171164,36.026474,17.958715596330276,15.721559787015302,22.013761187912124,188.6203985595703,147.48504970550536,0.16768918781835995,0.4933717040458674,220.25,120.37000274658203,0.0,-0.4534846640336798,220.25,91.0,,,fwd_pe,0.1395047430953138,0.1382,211.0,198.89474,-0.041997729852440435,20.0,0.1382,-0.5,0.13819999999999988,-0.1463500000000001,-0.43090000000000006
GEHC,74.54499816894531,0.35321273916022516,0.33338322602783566,13.765614,19.268835744550152,17.39073652276246,22.440927335531406,66.8364274597168,72.77665231704712,0.11533487055205893,0.024298257691141023,74.62783813476562,70.8751220703125,0.0011112746375359084,-0.049230346619843934,88.03241729736328,59.451412200927734,,,fwd_pe,0.24659437639323611,0.098000005,83.0,82.5,0.11342145065042009,19.0,0.098000005,0.3997803326862248,0.09800000500000006,0.31747940864418855,0.5369588122883766
SBUX,106.38999938964844,0.2780384842710057,0.3286743659912575,34.212147,27.174369353708865,25.398854258443706,36.78788902902772,104.0249154663086,95.56645351409912,0.022735744727481633,0.11325674938803187,107.93000030517578,93.60230255126953,0.014475053335484711,-0.12019641800677672,107.93000030517578,76.50760650634766,,,fwd_pe,0.8009016797455009,0.2027,112.0,112.22581,0.05273052582513138,33.0,0.2027,-0.20570990900662078,0.2027000000000001,0.07899634621886875,-0.04470730756226271
CSGP,32.630001068115234,0.4381574832170881,0.3535588257883157,18.889578,86.9245586689525,76.81989362162928,220.68382711971506,30.068599967956544,45.3613499546051,0.08518524649928239,-0.2806651234857568,34.22999954223633,31.850000381469727,0.04903458233976421,-0.0239044027310098,91.22000122070312,27.139999389648438,,,fwd_pe,8.584943612821844,0.2693,35.0,37.1,0.07263251162442153,20.0,0.2693,0.5,0.2692999999999999,0.5866249999999997,0.9039499999999998
SMCI,34.720001220703125,0.9086028336948184,0.9989962914334573,6.501224,13.168243343643788,7.713815547469863,24.1770829473223,30.538399963378907,31.390099925994875,0.13692928451846575,0.10608125818518599,50.16999816894531,28.270000457763672,0.4449883757212987,-0.18577190484352268,58.68000030517578,20.530000686645508,,,fwd_pe,0.6337177429973186,0.22770001,42.5,42.375,0.2240782979770679,7.0,0.22770001,0.5,0.22770000999999995,0.5346250124999998,0.8415500149999999
MSTR,125.16000366210938,0.7640154878441593,0.8872774858643844,2.5227318,12.407455906373457,10.715934925238173,15.428274170545626,99.88059967041016,143.34545005798338,0.2530962376589363,-0.12686448288744412,150.27999877929688,119.83000183105469,0.20070305514693954,-0.042585503955752,359.69000244140625,82.30999755859375,,,fwd_pe,,3.8377,193.0,229.07143,0.542026161336941,7.0,0.5,0.5,0.5,0.875,1.25
CTSH,62.209999084472656,0.4002376909180935,0.2942701232290376,9.835147,15.496519153682561,14.303428476507015,16.572252072786032,48.97922584533691,62.378850860595705,0.27013030546695305,-0.0027068753879483376,85.15773010253906,45.382022857666016,0.3688752830056552,-0.27050275638095655,85.15773010253906,38.50423049926758,,,fwd_pe,0.35495483697396724,0.1007,65.0,63.942,0.044848110538289854,28.0,0.1007,0.5,0.10070000000000001,0.37587499999999996,0.6510500000000001
CDW,136.1999969482422,0.4381325797186389,0.3405242833868918,11.3793335,21.893058312660333,20.09475301988054,25.033258979703177,136.49759963989257,130.75741874694825,-0.002180277839577527,0.041623475390156095,140.97999572753906,134.5529022216797,0.03509543969456419,-0.012093206780235177,168.16159057617188,98.71468353271484,,,fwd_pe,0.43478728345557327,0.0922,159.0,155.88889,0.167400907214573,10.0,0.0922,0.5,0.09220000000000006,0.3652500000000001,0.6383000000000001
GFS,45.93000030517578,0.5972959236821027,0.500142773230345,17.458372,24.104383310117175,21.504314801165165,30.531138539965685,62.69036888122559,52.73842643737793,-0.2673515705068562,-0.12909801433470025,49.79823303222656,41.32045364379883,0.08422017638469015,-0.10036025758217793,89.8305435180664,31.624425888061523,,,fwd_pe,1.0522030920179728,0.343,75.0,76.7619,0.632919649502993,20.0,0.343,0.38067760900713843,0.34299999999999997,0.5986250144482934,0.8542500288965869
